,MN-64,Venetoclax,AGI-5198,AZD3759,NVP-ADW742,P22077,WEHI-539,Foretinib,Rapamycin,PRIMA-1MET,Talazoparib,Trametinib,Luminespib,CZC24832,PFI3,Wnt-C59,OTX015,GSK343,AGI-6780,Uprosertib,Methotrexate,Olaparib,Bosutinib,Axitinib,CCT-018159,Afuresertib,Osimertinib,Savolitinib,Pyridostatin,Vinorelbine,ZM447439,AZD8055,Crizotinib,Temozolomide,LCL161,OSI-027,Ibrutinib,Docetaxel,Vorinostat,Temsirolimus,Bicalutamide,OF-1,Cediranib,Telomerase Inhibitor IX,UMI-77,Sepantronium bromide,MIM1,Avagacestat,5-Fluorouracil,Niraparib,BMS-345541,XAV939,Sapitinib,Taselisib,NU7441,SGC0946,Camptothecin,Vinblastine,Gefitinib,GW441756,SB216763,Motesanib,Daporinad,Elesclomol,Tozasertib,ABT737,GNE-317,WIKI4,AMG-319,Pictilisib,EHT-1864,Sorafenib,Oxaliplatin,GSK1904529A,Serdemetan,Erlotinib,MK-1775,Gemcitabine,YK-4-279,Bleomycin (50 uM),Vismodegib,JNK Inhibitor VIII,AZD7762,AZD6482,IOX2,BX795,SB505124,Obatoclax Mesylate,Dinaciclib,Fulvestrant,AZ960,Alpelisib,Wee1 Inhibitor,PRT062607,Ribociclib,Picolinici-acid,GSK591,VE821,JQ1,GSK2830371,Navitoclax,Refametinib,Lestaurtinib,CHIR-99021,Piperlongumine,Sabutoclax,GSK2578215A,MK-8776,Alisertib,Dactolisib,SB590885,Selumetinib,BMS-536924,Rucaparib,Bortezomib,EPZ004777,Dabrafenib,Pevonedistat,PLX-4720,LGK974,VE-822,GSK2606414,ML323,PFI-1,Nilotinib,Afatinib,TW 37,Tretinoin,SL0101,LY2109761,MG-132,AZD8186,Ipatasertib,GDC0810,BIBR-1532,Nutlin-3a (-),CCT007093,Tamoxifen,Cyclophosphamide,Lapatinib,AZD5582,I-BET-762,AZ6102,Cisplatin,Cytarabine,Veliparib,Lenalidomide,Tanespimycin,KRAS (G12C) Inhibitor-12,AZD6738,I-BRD9,MIRA-1,PD173074,RO-3306,MK-2206,Palbociclib,PD0325901,Dasatinib,Paclitaxel,BI-2536,Irinotecan,SN-38,Ruxolitinib,Linsitinib,Epirubicin,Doramapimod,EPZ5676,SCH772984,IWP-2,Leflunomide,Entinostat,WZ4003,PCI-34051,RVX-208,Entospletinib,AZD4547,VX-11e,LJI308,KU-55933,PF-4708671,GSK269962A
GA-10,4.9172797,1.7326372,3.76978,2.303959,1.4622264,1.9991819,3.593812,-0.04498029,-4.7870116,1.0890161,-0.024796696,1.4336694,-4.215488,3.1134324,4.2678876,2.9733286,-0.48657066,2.2554858,3.6536908,0.6275788,-3.2433364,3.2685072,-0.07820654,2.0581276,,1.1544001,1.1408173,1.3815761,1.5209633,-5.6073947,0.12750438,-1.6373289,1.2222065,5.5961123,4.609227,1.6937377,1.1961497,-5.996559,-0.04988436,-1.0709633,,4.897698,1.4503744,-0.18659149,1.7612699,-6.2193995,2.5206566,3.7358925,3.8818395,2.0062,1.8198473,3.6642263,2.2255983,0.24339636,1.8535666,1.2308043,-3.213451,-6.073158,2.4323378,1.245005,3.994222,4.4308367,,,,3.082395,-1.8592163,2.5231404,1.6941533,-1.1559188,3.5399463,1.8063247,0.58925503,4.1464543,2.587951,1.3726434,-0.9762593,-3.7531972,0.9907931,2.0966735,3.6831584,4.2972355,-2.4546814,,,,,-1.5726238,-3.8543432,2.9846146,-0.06336257,1.664646,0.65416247,-0.07394069,1.320068,4.444112,1.7938895,1.1049904,-0.6751354,3.9661462,4.081395,3.7360227,-2.4313843,,,-2.4520218,4.4965625,1.1164579,-2.1188345,-4.693078,2.172636,4.596507,1.867709,2.6122835,-5.9620814,3.9787843,2.1593287,-1.2623366,3.5720704,3.3899298,-0.51925486,2.4683967,3.702926,2.4965613,0.4905976,0.6352912,,,,4.917289,-1.5944055,0.2365284,1.1318754,4.905928,3.777584,4.2843904,4.7449646,3.3907583,4.295213,2.6785233,0.7382501,0.44607788,1.7036614,0.683244,-1.9962913,4.7339153,3.5389733,-0.7455224,2.9432962,0.22629328,2.660959,1.9636462,3.127556,0.9212163,-0.11237227,0.44448084,2.603277,-1.1613653,-4.7851496,-4.2366405,1.3630136,-4.2249265,4.037339,3.3554733,-2.030576,4.895117,4.355139,3.3777506,1.2733262,3.20138,-0.0080305515,3.1961343,2.188747,1.8118453,0.1257008,0.7925623,3.6878126,3.3734703,2.291207,,
UMC-11,5.0023217,2.6238172,4.482018,3.9369504,1.9765804,2.2944171,3.9241388,0.8835802,-3.3682685,6.748084,3.8074608,2.4296167,3.423119,5.8000965,5.182751,3.7326539,3.871606,4.327297,4.2827168,5.465825,1.6317936,4.8813686,3.3490682,0.73602724,,3.9253619,2.5935042,1.360538,4.0961857,-2.311575,0.49578792,-0.29436457,2.159802,5.929353,5.8169565,2.4620802,5.7421727,-3.6233516,0.84610134,-0.29983896,,2.7520895,1.9561816,0.64390695,3.8274908,-3.535614,2.9595788,6.0367837,6.562959,5.2583847,3.3003328,4.653642,4.813768,4.281299,3.1957302,2.1636918,0.13799791,-3.8949137,3.9772208,3.770569,5.137361,5.797927,,,,1.0083399,-0.030769154,2.626861,5.4719257,2.6007226,4.0080247,1.9652854,5.6994176,4.474143,5.091646,1.3183242,0.3915559,3.4284105,1.5938636,4.5057,5.42172,5.656927,0.22598252,,,,,0.64896244,-3.0400107,4.5067935,1.9361372,5.7537866,1.2816772,3.7530212,4.1534247,5.001476,5.000867,5.6880913,3.3253508,5.547128,1.8368622,5.6080427,-1.1410296,,,0.094941504,5.3847065,4.322739,-1.7424898,-2.0344718,5.086085,5.5001106,0.31434065,3.991856,-3.9615266,5.862116,3.8960896,1.7827547,5.810437,2.6515012,3.6200838,2.9156559,3.5086343,3.5160053,4.5962353,3.5954654,,,,5.2552876,1.7279127,4.758404,4.8400035,5.35544,5.2673287,5.1557765,5.12991,3.1200047,5.6307063,2.9264345,5.8544383,5.749096,2.9831386,3.3840132,2.7410173,5.7481833,4.516587,3.400573,4.537637,1.80508,5.5950966,6.054691,4.4037447,1.902456,4.5625,2.8978221,3.3173802,3.6815805,-2.6661975,-0.5618738,3.464675,3.3969676,5.5139832,4.769309,-0.32832614,4.675436,5.8859615,4.734647,3.4194021,4.9615664,1.3099854,4.273822,5.562371,4.3283887,5.4770517,1.6312703,3.1692202,4.270216,5.8176885,,
ESO51,3.664232,3.274518,5.6209207,3.844347,2.646789,5.8199024,5.621635,-3.4172034,-1.9280484,6.8480325,4.68059,-3.28296,-1.337317,5.5338793,4.9219465,2.7514918,6.0139265,3.415149,3.3740678,4.2365456,-1.9512563,4.7994204,1.6172856,3.985006,,4.574814,3.1694448,-4.4699316,2.6396701,-4.185251,3.5783331,1.178616,-1.9777886,6.7988935,3.8694835,5.281526,4.276281,-1.075214,1.5769436,3.1169627,,2.4311547,2.444708,2.0597277,2.7296166,-1.6670632,5.718387,3.5160873,2.866579,5.717417,3.347766,5.4779463,5.4476333,2.987868,3.5071554,2.1869874,-2.2143354,-4.117696,4.0231557,3.573477,5.888414,5.316625,,,,2.526621,1.2395507,3.8112185,4.244138,1.7912982,3.5919247,2.8325694,5.8910713,4.6558547,4.4424353,4.201843,0.03920894,-1.4099119,2.008314,4.0242906,3.0321424,4.463345,-1.5708538,,,,,0.39230287,-2.3211186,3.5477705,4.637155,5.6035905,0.8372795,5.6535892,4.6100144,5.8790717,4.543891,1.4505268,1.7140162,3.4174016,3.848461,-0.26147416,-0.73573285,,,-0.39771315,5.9160457,-0.8171203,2.6950977,-1.142741,5.027202,2.7027864,4.372276,5.1557364,-4.842381,4.8677983,3.0512295,0.89655685,3.701806,2.5442398,0.7177045,4.296271,3.0152833,4.414031,2.9111853,3.0077984,,,,4.86066,-1.2509491,3.4374306,5.6751914,5.8866596,4.4174623,5.7455215,5.172314,5.26712,6.008184,4.0328984,2.3503556,5.8425345,2.720989,4.1030326,1.3977001,5.7714267,5.253801,-0.95599645,5.1805997,0.20710567,6.0139265,6.281588,5.3520937,5.601879,4.225087,5.1431503,-0.51636446,3.4206867,-2.3217528,-0.2451443,3.758154,3.1590586,3.7934976,4.521558,-1.2466573,6.0139265,4.923061,-0.057047464,0.488928,2.9909778,1.9882715,3.3153415,5.7961817,5.649892,4.079272,3.4622002,-0.7415165,5.299685,6.0121737,,
EW-22,4.7770123,1.3651736,3.5955768,2.389277,0.5471113,4.7240276,1.4769373,-0.21714441,-0.81432956,4.125133,-3.2370522,2.7962887,-2.7239916,5.101536,5.349213,4.936451,3.5328472,4.1091657,3.7720327,1.0045053,-3.1206787,0.41101602,2.6850195,1.2046944,,1.7703596,1.6448923,3.0989537,2.0098407,-4.803219,0.6005325,-1.3135046,0.8323728,6.8113565,5.324815,3.5079186,5.1350074,-4.842062,0.3796877,-0.3319159,,4.926782,1.7649857,-0.22964312,1.637912,-3.310931,2.5988712,5.052829,4.0301023,0.45981658,3.1845841,4.9800406,4.7214108,0.38782415,3.8907464,1.772994,-5.1535006,-5.7775865,3.76724,3.7413101,5.4251075,5.4284053,-6.129489,,,-0.05935885,-0.39062378,4.0378876,4.6881385,0.07870774,3.0680754,2.4891555,1.765259,4.094127,3.1906133,2.7131906,0.63573617,-5.2210655,1.1023624,1.1841365,5.0418344,5.0430856,-1.941455,,,,,-0.36020693,-3.4689236,3.5720186,0.9533994,1.9684424,1.3976307,2.4538655,2.094985,5.4244857,2.8573916,2.0138857,2.034935,5.4284053,-0.9302982,4.123141,-0.3742196,,,-2.2862878,3.9400418,0.726255,-1.0061212,-2.4556184,4.731044,5.0730443,0.8593048,1.339112,-5.204867,4.5389175,4.8200207,-1.384661,4.7496758,4.4549365,1.6829666,3.4907532,5.2614145,3.3788803,2.2661042,1.0084554,-1.2054812,,,3.9002643,-1.716225,3.3120694,2.7481105,4.7419806,4.6358495,4.590039,5.1424985,2.975356,5.182586,3.4556394,1.7026248,5.411008,1.4234695,-0.78762525,-1.7147583,3.397384,5.394615,1.8764219,2.2752218,0.4545105,3.2566564,5.160765,3.0793464,2.827631,2.1439528,3.6805584,3.826916,4.1529865,-4.2329726,-4.770238,-1.219846,-7.533239,4.922515,1.5627037,-2.8986564,4.570801,4.7434764,4.7172236,2.904038,5.4131064,0.6195632,2.39618,2.2626429,5.428069,4.5339108,2.8613625,2.9003062,4.0429316,5.4018893,,
U031,3.2297583,2.6972637,4.105924,1.2801584,3.128386,3.8614311,3.5731485,0.57113594,-2.763555,5.0754175,1.8638529,-1.992139,-1.6779053,5.4941545,5.9120345,4.8904257,0.98361135,3.5404437,5.6293044,2.8972266,2.5130248,4.4999743,0.6299016,3.5486,2.4476223,1.1494442,0.29149386,3.6119294,5.299848,-0.6565177,1.7788994,,2.7948961,4.5978694,5.217661,3.03346,1.6932628,-1.7036175,1.8057663,0.5467242,3.9825168,4.3821335,1.3665076,0.20541131,,-2.5916755,,2.9893456,2.8420546,2.970025,2.334045,2.5316036,3.37139,1.507707,1.3982064,2.7434747,-2.9913878,,1.2472471,3.7603595,4.135525,5.513932,-4.900303,0.868477,3.0416849,3.6575253,-0.25777057,1.9716918,4.132568,0.1320993,3.267095,2.1784222,3.4334838,3.3955314,2.4073837,1.6991341,-0.13745226,-2.812455,2.822855,,4.241803,3.406489,0.87197423,2.1580188,2.4765902,2.2114022,4.380904,,-3.4058874,3.031623,0.6810965,3.0949867,0.488639,1.8962065,4.2455163,5.914354,3.3994296,2.7020452,0.97883683,,4.0093584,0.4522889,-1.2594957,1.8921837,2.6810308,-0.21456616,4.7082143,2.6905744,2.3113115,-2.660142,4.8331375,2.0790973,1.0538858,3.4384863,-5.5903487,5.5206003,2.1954415,2.4070427,2.746703,4.8925147,2.605376,4.2310624,4.6138935,4.4424314,1.4498564,0.9150346,,5.3279157,4.8719273,3.95258,-1.1561009,0.9262027,3.2219372,4.5756516,4.97813,2.0608692,5.262429,5.4872513,4.97014,2.377573,5.3876767,2.4409466,1.6070267,,,5.4449687,5.4806685,1.1289641,4.572515,1.8969041,5.268013,5.378238,2.4964561,2.3425875,0.8411273,2.167849,-0.6832118,-2.368349,-1.8767006,0.39100248,1.57108,-3.2132084,2.9027107,4.2590237,0.046134062,3.0148335,5.177105,1.8540428,2.7937732,4.5320234,1.7795967,5.388787,4.0412707,3.7722542,2.797294,3.2052433,1.0896969,3.5781288,5.5226984,3.4918423,1.4213378
CAL-29,5.4332547,2.7866483,4.5745544,1.203083,3.2683358,2.4053864,3.579346,1.8232226,-3.1749394,6.4199767,2.1503875,-0.32547385,-0.9077746,4.533589,5.3282557,4.765589,2.7324579,3.9071124,5.291497,1.4383148,0.67765945,4.982428,2.707153,3.1647108,,1.835512,0.5710582,1.8357848,4.2880435,-3.5688396,1.0985154,-1.5044036,3.0995736,6.5285425,5.3977437,3.289749,2.3456984,-5.277284,1.0700039,0.5236737,,4.179589,1.5185198,0.45061937,3.6029918,-4.7915697,4.8447485,5.5084553,5.6546082,4.119994,3.349129,4.6895967,1.0549213,-2.14914,2.9758968,2.0778587,-3.7872162,-3.2078633,1.9372727,3.5228524,5.1483607,5.4923716,,,,2.6843977,-0.8124006,4.099746,5.4095325,-0.447476,3.132676,3.155872,5.5830526,5.259982,4.0870247,2.0338795,-0.10532429,-3.890203,2.723838,2.0219955,5.4923716,4.116908,-0.2025131,,,,,0.07438828,-3.519356,3.5330117,2.611497,0.65903866,1.5805091,4.282882,3.4501655,5.181783,4.7172093,3.3094544,2.7656968,5.481248,1.9964361,1.19104,0.32490924,,,-0.66763514,5.3869123,4.0122437,3.4431803,-2.632642,4.7921124,2.494168,2.1266198,4.6322904,-5.1191874,5.0460496,4.604076,-0.42448783,5.7992477,4.459284,2.4661725,3.6707976,5.2400618,4.1302843,4.3923044,0.70182294,,,,4.6118927,-1.3729389,1.8925474,2.6806219,4.8422284,5.1361427,5.6900225,5.6039495,3.054516,5.3348546,2.1175132,1.6835228,2.9677312,1.8367206,3.2781222,3.1468718,5.365032,5.4291916,-2.3818662,3.40792,0.97029924,5.4156704,5.3389516,3.9732342,4.7173066,1.4327464,4.8074293,0.7613281,-0.6807024,-4.39239,-3.106793,1.5252347,-5.533149,5.288481,5.6800647,-1.4266694,5.3555346,5.6121025,1.9672724,3.078408,4.848371,1.7729352,5.422861,5.2680936,5.3903527,3.3563516,2.4462578,2.321138,5.4577713,5.4923716,,
ChaGo-K-1,3.6525867,3.774309,3.8092988,1.52675,3.8175411,5.5331335,3.8034582,1.5372456,-1.1379333,5.2132077,3.6457167,2.664354,-1.243679,4.956107,5.5331335,3.7316618,2.4043877,3.0496356,4.3999596,3.8173053,2.2264194,5.5592256,3.9160676,3.3781867,4.488953,2.2137635,2.0386672,3.2305481,5.1225615,-3.9084713,3.385385,,3.0865598,6.2526765,4.3316045,3.6330037,3.5007746,-4.440499,2.3111992,1.9005855,3.88081,3.604362,3.3422666,1.4507884,,-3.33931,,3.7239904,4.5694423,4.749528,3.1027813,4.0870442,4.2219973,3.7566922,3.1711907,2.3528929,0.53385496,,3.7814674,3.4647079,5.5248003,5.532584,-4.646989,-0.71698076,3.2668014,3.5638137,1.7130207,3.766367,4.9706554,1.8094914,2.82852,2.6543972,4.397251,4.672158,3.7148428,4.556587,0.55300546,3.698076,1.7600088,,4.476178,4.4182124,0.727099,4.105034,2.537401,2.8365736,5.24029,,-3.1869087,3.2294207,3.6691453,3.6956005,1.5412519,4.311551,4.1017537,5.5296173,3.560769,4.2089076,2.2206004,,2.7122197,3.9645567,0.7920107,5.5331335,3.032768,0.043203715,5.061228,4.609352,3.5620608,0.48202583,4.8257766,5.463764,3.8601434,4.705175,-3.296726,4.0210786,3.8607728,1.9148419,3.092865,5.110368,3.9678771,4.867774,3.579956,4.952317,2.636923,2.9483993,,3.916665,4.0327497,4.0706434,-0.5527659,2.5760615,3.7173936,4.7088475,4.2715564,4.704478,3.7508464,5.5331335,5.14786,3.8464737,2.1144469,3.8994412,2.8955753,,,5.4954586,5.4434447,1.4741118,4.61479,2.9111683,3.618418,4.256942,4.724197,3.308589,4.203314,4.839199,4.359828,3.1905234,-3.9990795,1.8654401,5.04437,0.6982844,5.1696467,3.5653863,-0.4781479,3.263429,4.0837245,3.1776497,2.9436057,5.6051598,3.1676276,5.2515674,4.0632033,4.6971827,4.1370144,4.5918593,3.3078184,3.583787,5.5305634,3.1589153,3.301552
A388,4.5771422,3.543497,3.882832,1.490594,3.9781885,5.159556,2.4813538,0.8668726,-2.4323857,4.1321096,1.6834354,0.3831567,-3.7899423,5.727448,5.7828145,5.777743,1.8649566,2.6079352,5.448541,1.2570724,2.7324994,4.217185,2.8502786,2.5810378,3.7924984,1.9908051,0.33119953,3.5361915,5.7195735,-3.9156747,1.0236096,,2.2151825,6.201326,0.33562025,1.3982368,1.0074068,-5.988856,2.1537728,-0.3039525,4.322472,4.8805857,2.7737195,-0.5799854,,-5.5639524,,2.5331843,4.201614,4.8646793,2.5903862,2.5770319,0.34360212,-1.6228749,2.6483736,2.8177462,-3.33068,,0.95809716,4.193932,5.8101535,5.5892243,3.298264,-4.678043,0.24501191,1.4339628,-0.6917231,3.5933344,5.1856923,0.14340544,4.1654406,2.1322997,3.502583,4.4400415,3.308653,0.87008536,0.16359796,-3.0845823,1.0961937,,4.0319777,3.681113,1.3982598,3.538486,2.769559,3.2379472,5.611201,,-3.832913,3.5329478,0.9883556,0.5234998,1.5891789,3.045594,4.4102407,5.774428,4.4252377,4.708265,2.934952,,0.7035324,1.4102672,0.71425635,5.853516,1.4906777,-0.047692094,5.3491554,4.025694,-0.5622923,-2.1245484,5.1572866,3.3308516,2.8909564,4.4266806,-5.823807,5.214651,4.935267,-0.45280406,2.8869739,5.5890393,4.5612197,3.1247914,4.519464,4.5539355,2.1792774,-0.29462275,,4.055154,4.648045,5.063516,-1.7157851,2.3603582,2.750399,5.8503447,5.356691,3.9325166,4.6080456,5.345581,5.6578155,0.764399,-2.0646975,4.283365,3.5816092,,,5.4980445,5.568668,-1.0939529,3.709323,1.7643651,5.4752,5.3958964,4.120138,1.6921417,2.017926,3.0876288,1.7892104,-0.25289944,-4.562243,-1.8950349,1.2882919,-4.7949195,5.219412,5.4537997,-1.281547,3.8368134,5.763667,1.769728,2.8832827,4.4530683,1.5832345,5.842837,5.3194838,5.8110785,3.1915746,4.079866,2.3721213,3.5448601,5.834048,4.3933096,4.306532
CPC-N,3.3577712,3.147523,4.9490376,2.7713163,0.4811476,2.9923031,-0.7348795,0.21753275,-0.96712023,2.5899024,3.3158412,3.0028458,-2.2309134,4.41415,5.0961857,2.3134975,2.0273051,2.7033818,3.0924718,2.1731827,-3.6173708,3.4854844,3.38053,1.9051119,,1.4342232,1.6800988,2.8780172,1.6323667,-4.2335443,0.51934785,1.1952518,1.2390019,5.937432,4.868217,1.8397317,3.7161646,-5.7047687,0.70813155,1.2911389,,4.276276,0.92166203,-0.8981306,3.232272,-6.110644,3.3199246,4.8141713,4.295886,3.9025981,2.3643723,4.1547966,4.623899,1.6914828,2.6054938,1.9841058,-1.5076705,-4.6012964,3.600704,2.9118547,4.9258895,4.4622054,-6.15042,,,0.70507663,0.75409573,4.283694,4.5231414,0.81829065,3.8786373,2.2554622,3.4108357,2.5619354,4.0608587,3.0946143,-0.47577083,0.22198081,1.5367165,4.193623,4.0314364,5.2228117,-1.6679472,,,,,0.88366556,-3.1991038,3.325319,1.898215,1.8422132,0.70941377,1.7502679,3.724509,5.106507,4.1375136,2.5477364,2.3481464,4.2321734,0.035081528,5.0940285,-0.77483714,,,-2.010602,4.9581785,1.0775568,-0.1474914,-1.188868,2.223181,5.245656,1.9775326,4.3704157,-4.4077544,5.121533,5.1318336,-0.8848385,4.370142,3.941337,2.3000455,3.7730486,4.1495113,4.5253043,3.2999337,0.8589195,0.1664187,,,4.279841,-0.9821534,3.6045227,2.4741504,2.6007867,5.0493402,4.0752997,4.4015336,3.4856713,4.57961,2.5953338,0.7174573,2.9831371,1.2987409,3.553984,1.5618148,5.1434164,4.915742,1.8858417,3.8393133,0.6198666,3.9375587,3.5385497,2.8866327,2.3933713,1.8580045,3.5197463,3.9813282,3.0726433,-5.261713,-3.6209795,3.4082458,-3.8624644,4.6982384,1.7147958,-1.4342839,4.8615017,4.9661436,3.6679564,2.472101,4.160465,0.4450786,2.2887294,3.8715582,4.8374114,2.9186275,2.9188383,1.4169358,5.0000753,2.7789834,,
Hs-445,3.4274197,0.15325157,4.3575854,2.1818652,3.4497972,4.719079,4.140234,1.5185825,-2.2575922,5.3310027,0.9509268,1.3699932,-3.205774,4.932185,5.1180186,5.1229854,3.8798232,3.4770095,5.1104283,1.0633427,-2.3116405,4.5795693,1.0642929,3.3719115,,1.4343774,1.7220684,1.471447,3.266058,-5.0762124,2.933699,2.2144895,2.8979082,4.319304,5.1261215,3.1629238,3.0302188,-4.8573,0.47888386,0.5988175,,2.946443,2.3443851,-0.60005337,2.2077408,-5.097591,4.008319,3.4158561,1.4007686,3.540779,2.565796,4.2227907,5.2916694,2.542558,4.7909017,1.9653332,-4.6725793,-5.0237336,2.5962257,2.0513995,5.0992827,3.3446374,,,,-0.09062144,2.5184977,3.8420024,3.7208912,1.9060016,3.680724,1.6579666,1.6582096,3.7495527,2.1510818,1.2343538,-1.3992859,-5.794387,1.0627276,2.0914862,4.014928,3.5606918,-1.3073817,,,,,0.7294113,-3.580329,2.6588862,2.9785166,3.4347794,-0.22472072,2.9671693,2.9019592,5.1120005,5.358869,2.6063187,3.9777334,2.4507403,1.0586241,1.4291757,-2.584373,,,-0.7339013,5.126115,0.256796,2.6342487,-0.55008036,4.309835,3.5573666,3.1526883,2.9727092,-5.36822,4.9073052,3.8121092,-1.2035787,4.297298,4.654884,1.9237033,3.2074625,5.6367917,4.3208222,2.4173307,1.7485805,,,,3.1818535,-1.3371806,3.1841066,2.7100136,5.126475,3.762665,0.373347,4.253405,5.076979,4.214858,5.6294885,2.1039028,4.732702,2.1637564,0.1267559,-2.3261032,4.7444677,4.1270776,-1.0110288,3.2038798,1.0776837,5.126475,4.140456,3.8480127,2.246057,2.9977314,3.144925,1.62543,1.1956713,-4.5936513,-2.9147527,0.1056994,-6.365749,4.1197248,4.166075,-2.6987288,4.9552374,4.8625164,3.0871742,1.8730161,3.7324786,2.0352342,4.3971353,4.534325,5.094291,4.082188,1.2103578,2.8089943,3.593867,5.1141195,,
KGN,,3.1119578,4.879211,2.583489,2.8712332,5.573661,4.72518,-0.12890401,-2.9390244,,2.884204,0.4610983,-3.452223,,,,,5.867374,,2.0150793,-0.7535607,3.291297,2.4291117,4.1233854,,2.8471434,0.7336759,3.448975,3.2422392,-4.093041,1.5494052,-1.8864015,2.3174129,6.6501493,,-0.6242044,,-5.827596,1.9867829,1.2903056,,,1.1500295,-1.3662179,1.8475142,-4.2704916,4.509525,4.660162,3.2094631,,,,3.980737,2.08643,2.6251395,1.2048737,-3.566575,-4.6137843,3.3847804,4.2023144,5.871149,5.8499384,-3.9609854,,,4.411364,-1.2333233,3.9908268,4.8218913,0.23932223,4.6941204,2.7335749,3.0367079,5.623536,4.173784,3.857759,1.4630902,-4.4012136,1.2430712,1.0142548,5.870805,5.139683,-0.11815411,,,,,-1.4387053,,3.4142444,,2.9627442,2.247371,,1.7117255,,4.875442,4.6813016,-0.3544207,5.5928802,3.6636827,4.239562,-1.1219388,,,,5.0082707,4.8830433,-0.5416147,-3.235521,5.3394523,4.0379367,1.4323344,4.776064,-4.6645803,3.7871993,3.7618263,0.83930933,2.3449616,6.0696397,,,,2.0395613,4.57703,2.057265,1.6684049,,,,-1.2150319,1.7864685,2.9868417,5.2080016,5.050513,1.3312373,5.045615,4.3396134,5.5542407,3.8538795,,,0.6220426,2.6184328,-1.3746256,5.8812637,5.4810066,1.2247366,,1.5576227,2.960026,5.943339,1.3430486,4.442992,4.109329,2.1478693,0.6743785,-2.2854757,-4.0208874,1.0663525,0.78016114,-4.7287545,,4.970639,-2.0940695,5.88043,5.8812637,3.2294812,,,,,,,,1.3995237,3.807329,5.8631463,3.9909713,,
LB647-SCLC,5.1646237,2.2137341,4.0466256,2.6540291,1.6499306,2.2426777,3.307234,0.3799837,-0.94985276,2.8512518,2.9638329,1.7940586,-0.5056098,5.180263,5.136139,4.6587257,2.2413795,2.7797148,4.1441474,2.4613812,2.310416,3.9928048,3.5941322,0.34685352,5.1034746,1.7978765,0.9375406,2.8789253,2.6642041,-4.8199544,0.5118968,,0.8327428,5.5099363,5.0792165,3.4862792,4.6167946,-6.0774703,0.11473555,2.8551755,4.613269,3.8515074,1.845974,-0.07287408,,-5.790033,,4.7078514,4.349401,3.074078,1.8200102,4.3966813,4.5929193,1.687053,3.0371006,2.1836596,-2.5861976,,3.0215037,3.3533137,5.209444,5.216486,-4.4518847,-1.4446801,-2.6529331,0.8776979,1.6957644,2.7648563,4.2334023,2.2458117,4.368512,1.8021328,3.1825953,4.4558487,3.5320988,3.9303534,-1.0596169,-3.0407,0.62276113,,4.1451344,5.210938,-1.3324519,4.0534487,2.2207537,1.7339787,5.1023517,,-3.5162208,2.912646,1.3181348,2.9106243,0.97345775,2.1325915,3.2786665,4.8513846,3.6417744,2.1340816,1.4234099,,1.4795223,5.1882143,-0.43286178,5.215794,1.4358623,-1.1196216,4.813759,1.1778924,-2.4623344,-0.9179795,4.523339,4.514865,3.9230819,4.475953,-5.190218,4.1749697,4.728585,-1.9299723,3.5724454,5.2123733,1.8118602,4.6245866,4.384445,3.8360817,2.6704695,2.0499895,,4.564855,5.16619,4.421937,-1.67784,3.05268,2.8172507,5.2015176,4.2465916,4.9671793,3.8406825,5.096469,4.6589684,3.8314996,1.8113433,3.11721,2.5590267,,,4.9879723,5.0601544,2.8219388,3.6983078,0.6436209,3.5160172,5.0247483,4.371756,1.8803432,1.8540275,4.4193287,3.5112884,3.607048,-4.58827,-3.1035638,2.650653,-1.2072333,5.1893473,3.6101978,-0.56803936,4.076327,5.2095227,4.6901927,2.725516,6.0776286,-0.76649356,5.10181,3.6609788,4.923751,5.1452103,4.0958743,3.716213,3.6969028,5.215977,3.466482,2.3826995
LN-18,5.427518,1.8655568,3.992827,3.5664637,2.0556593,3.9085245,4.6917276,1.012351,-2.8028727,5.38341,3.404179,1.711253,-3.4806695,4.068526,5.5943213,4.1529226,3.3651674,2.8970735,4.618198,2.3995225,-1.6741593,5.246417,4.0061707,3.0046923,,2.8123147,2.9905453,2.2447524,4.721603,-2.007234,1.6790859,0.433457,2.827977,5.890361,5.1320467,3.3850505,5.6455045,-3.336213,1.2308043,1.3268603,,4.4210052,1.8797209,0.04257302,1.1861851,-5.506948,3.3485594,4.7028995,4.6121354,4.612777,3.0262768,4.014509,3.799529,2.4425447,2.9809096,1.8669859,-2.0399644,-4.589724,3.9005494,3.4167516,3.6816914,5.619584,,,,1.3295122,0.05403556,4.0420647,4.8030453,1.8692187,3.5044162,1.7425661,4.7078047,3.4909847,4.638259,2.2981114,1.1840379,0.7120917,1.7371075,0.49682418,5.385358,5.2917833,-0.75383204,,,,,-0.5928343,-1.919156,3.6216571,2.1686447,4.754799,1.2325069,4.8425612,3.866281,5.3463984,5.1367774,4.777891,3.136161,5.647401,2.4750185,3.728615,0.8228705,,,0.8912812,5.5314603,3.5623052,0.75326186,-2.6625762,4.0564365,5.5340996,0.9930553,3.9561157,-5.673871,4.4918427,4.4961,-1.6169552,3.2319582,4.8111286,2.9027448,3.8438044,4.1445093,4.420667,4.5678463,3.1338422,,,,5.598652,-1.7541066,2.1476476,5.2144084,3.9547496,5.615407,5.238626,4.367291,2.7121165,5.64096,2.1174085,1.9316194,4.6599965,3.4565172,3.658997,3.1338432,5.3558254,5.5532994,-1.1540029,5.7019486,0.704406,5.3987794,4.855897,4.585458,1.672885,3.1640465,4.3187423,2.5299158,2.1949863,-0.3582693,-1.8677763,3.0119674,3.5317066,4.2152605,4.31645,-1.3218646,5.1851134,5.1685395,3.3614817,3.179164,5.3521676,3.1186664,5.111227,5.15498,4.7321596,2.7055573,1.3776909,4.2731795,5.131575,4.3865533,,
Jurkat,2.5518847,1.1535003,4.3174887,2.1773949,0.9853984,1.9532704,,1.42557,-2.2513142,3.0290232,-0.4023366,2.4750547,-2.88166,4.4373474,4.6397824,2.7863216,1.4382699,2.7303011,3.6899154,-0.4527878,-3.1836631,2.578969,0.46984768,2.3075237,,-2.4011624,1.6024784,0.9927526,3.1619246,-5.7121043,1.9940753,0.64803225,1.9554355,5.608042,4.633269,4.300956,2.7915733,-5.288064,0.025700632,-0.86515605,,1.3686689,1.8314502,-0.73223525,2.461598,-4.5172653,1.4406512,3.543138,3.6678233,2.8178759,2.3582606,4.1387696,4.648855,0.6989664,1.6608368,1.6274194,-4.346429,-6.635362,2.9265323,2.4924889,3.8608809,4.0305495,,,,-0.87532085,-2.1466105,3.0970163,3.7965307,0.8678462,2.1218953,1.5461354,3.677116,3.5060844,3.5461571,1.3237101,-0.6594804,-2.2185185,-0.16714925,1.6225412,3.7919142,4.575971,-1.1688477,,,,,0.6066508,-4.069392,2.8058445,0.027111664,2.2060916,-0.11021841,2.7557049,2.6948247,4.6200886,3.293152,2.4407637,0.14136334,3.533907,-0.24143286,3.8328106,-2.4714549,,,-0.47817886,4.100005,1.7344832,1.894957,-4.3011937,3.9467704,4.7251277,1.9793723,3.9096918,-5.432756,4.4703326,2.781359,-1.1991054,2.349062,2.3950117,1.4800127,2.9272697,2.6489878,3.7186792,1.9277095,0.89747167,,,,3.7548761,-0.87006134,1.0700653,-1.4639722,4.2678638,4.1891937,3.5980303,4.6331997,2.2585604,3.748842,2.5285356,,1.7588648,1.7453942,1.2314111,-1.8743843,4.433544,4.4354215,0.43042958,1.5511391,0.23978746,1.1958396,3.6260521,2.9763646,2.3898664,0.2571529,1.5075556,2.8003523,1.4443609,-4.8721323,-4.0160785,0.3279099,-5.685682,4.023314,3.6955612,-2.6118338,4.6399174,4.4040504,3.8099089,2.327234,2.9791002,0.0617039,3.3579602,3.5121522,4.626839,3.4175467,0.8218946,2.6185143,3.9981978,3.699953,,
SU8686,6.751233,4.499338,5.018076,2.5894659,5.952925,6.591932,5.1387043,3.167988,1.3047261,7.930576,5.8605447,-0.094027594,0.99293554,5.900093,6.6974382,5.6801233,6.864798,5.666743,6.2281814,6.750608,-0.15575975,5.246999,1.8998754,4.6238604,,4.465285,2.2238355,3.188032,5.539912,1.2669101,4.423023,1.2467837,5.9246287,7.7089357,6.2002754,5.4975924,5.4567056,0.20590475,5.1931877,3.6648579,,4.9477987,3.070956,2.057738,5.313409,-4.9986277,4.181097,5.1744256,7.179846,6.848015,6.112263,4.817356,3.5271354,2.9951143,5.0766735,3.59456,1.4207203,-0.3539396,4.757101,4.2209754,5.6641607,6.718371,,,,2.3037393,2.2921302,3.6974006,6.415,3.4317682,5.209536,3.0649993,6.064996,5.7889256,5.046302,2.9886131,2.5516603,2.362586,3.6356997,6.833534,6.239632,5.75326,1.4878147,,,,,3.6880772,0.010712307,4.698011,4.509169,4.80264,3.757917,6.206619,5.527313,5.4176507,5.3484135,6.082396,6.3838363,6.3165345,1.8193951,1.335243,0.692672,,,1.2798799,5.9695463,4.90232,5.549599,0.91506106,5.4707937,2.494305,2.6574795,5.381825,-3.4236298,5.8546524,6.3328404,2.1572247,5.1209893,4.1132464,5.1151805,4.5363426,5.509045,6.4754,5.2939773,3.8274598,,,,4.837022,-0.90006775,2.6956093,4.722031,6.057763,5.4014955,6.7323008,6.858403,4.685554,4.7055645,4.5045757,5.1654835,6.859776,3.7823277,7.338775,5.1875668,6.738262,6.187803,1.661228,5.6972785,3.362966,6.7039175,7.268892,6.309726,6.8656507,5.481903,7.7461004,0.8251938,0.5600991,-1.0706602,2.3459086,6.1731987,4.9271517,6.414602,5.925837,1.1813573,6.146516,7.3008375,2.4183295,3.5687923,5.7864733,5.889773,6.7256875,6.107146,6.7400537,4.382505,4.733348,3.9310482,6.6793838,6.811946,,
LU-135,4.146539,3.063932,5.173997,3.1620035,0.87192005,2.9218585,-1.4853863,-1.0437089,-0.9504188,5.059332,2.6963246,2.149553,-0.29729876,5.274074,5.3671517,5.237092,2.535247,3.1207714,4.5421433,2.5232303,-3.048458,3.561588,2.6614652,0.9280762,,4.3527923,2.7265143,2.5914066,1.7198786,-3.6159213,-0.21301253,-0.45199335,0.7331365,4.9544973,5.10622,3.0365033,4.6017694,-5.116641,0.68654406,1.7425483,,4.6612124,2.731037,0.5002919,3.030712,-4.8400726,3.6759496,4.526456,4.1409807,4.5744367,3.200193,5.333317,4.7887096,2.1582136,1.4412112,2.0996375,-3.065622,-2.565919,3.228728,0.38855675,3.9312143,4.6203303,,,,-1.1094564,1.1454438,3.27879,4.798659,1.4704863,4.3970017,2.2014625,3.924089,4.0880256,2.5993543,4.2519255,0.35293284,-0.93942803,2.4173105,3.030231,4.341001,5.3702817,0.7341612,,,,,0.23016003,-0.08387662,3.746631,1.8170838,3.6213696,2.32629,3.0426266,2.458082,5.3472824,4.890972,3.4248602,-0.18193842,4.8112845,-2.2201023,4.5866284,-1.8588048,,,-0.950949,5.116058,2.375454,-1.4252056,-0.61643493,2.7756314,5.073707,2.6727874,2.8575363,-4.409114,5.590904,5.2676697,0.5125408,5.246761,4.3726645,3.7346828,4.7804227,5.2240043,3.9010546,2.2609026,0.8552638,,,,5.1126146,-0.9910788,4.355466,4.128622,5.327022,5.282852,4.251637,4.717566,3.9370031,5.324112,2.5636556,0.88529044,3.7418494,2.0777879,2.0124924,2.4538782,4.741478,4.3843246,-0.8293987,4.660555,2.6639004,4.3165135,2.6972797,3.3854196,1.7777553,1.967209,3.744968,3.3574436,3.810553,-4.150478,-3.619947,2.184308,-4.9768386,5.3101964,3.163458,-1.4978632,5.363185,5.389897,4.197435,2.8436656,5.675008,1.547827,3.542809,4.271663,5.338233,4.546772,3.3547873,2.67858,3.934454,4.742686,,
NCI-H1623,4.18908,2.015062,4.3227086,1.0110949,4.6587653,4.6249332,3.0990257,1.1853826,-2.1172442,3.3939846,-0.14393544,-0.23523581,2.439169,5.9163065,5.485046,4.181669,3.93505,3.9311974,3.4842522,1.6535938,1.0268183,2.7742844,3.6561,4.37513,,3.1845036,0.1943843,1.4749899,3.427839,-1.0067202,2.7964213,0.04822231,5.305872,7.5378327,3.8573122,1.3113627,-1.2670531,-3.397393,2.640015,0.86122763,,3.1512985,4.7814364,2.001663,3.5125468,-2.05962,4.6447034,5.340742,2.9475617,3.1056004,3.052771,2.2553425,-1.3654447,-0.1311889,4.3819733,1.0922903,-4.1356673,-1.1907737,1.4930071,2.7323034,4.792155,5.6229944,,,,2.487142,0.10987128,3.4837432,5.1236577,0.0052496525,3.5774753,3.268368,5.5306015,3.9013045,3.9486344,0.54601353,1.491841,-2.9503043,3.325969,1.8300786,5.6885962,5.8921595,0.519565,,,,,1.0130472,-2.9185913,4.0961447,2.8891485,1.8201859,4.337313,5.096276,4.536662,5.7397265,4.3411026,3.4019327,3.2459786,5.9457164,3.5608191,1.6880842,-0.03165471,,,-1.4217801,5.8276267,3.2193563,2.912742,-0.49363822,5.252569,3.831797,2.8343368,4.6281824,-3.2897267,5.0571423,5.4581246,-0.94710195,5.7196326,3.5133102,3.7664208,4.0174217,4.7004747,5.1622043,4.7011266,-1.7460874,,,,5.9190936,0.3703811,2.3201382,4.794854,4.699679,4.4204545,5.8689103,5.4585266,4.0001836,5.426161,0.23580857,2.9117658,4.4159255,2.9836466,2.175801,-0.9653256,5.6457286,5.188252,2.4294481,5.8089705,2.1612933,5.779951,6.284494,4.2501907,4.198008,2.834838,4.415485,0.15819465,4.1094112,-0.5701686,3.5875258,0.48440894,-5.6365848,4.609905,2.0924578,-1.4263569,4.9788685,5.803213,1.6260456,2.1715577,5.0728097,0.7829676,4.583154,5.905582,5.2385798,4.7062416,2.64464,2.8425786,4.8062925,5.118964,,
TE-4,3.1375296,2.828029,4.209991,3.1460412,4.154753,4.3524623,3.4845614,1.8308532,-1.1257924,5.820628,3.8080888,-0.33186576,-2.3354933,5.2224846,5.1437445,4.515229,4.4056935,3.2913868,3.6562593,2.170227,-1.6123569,3.991294,2.2986848,3.59717,,1.9981425,-1.7091937,2.1159039,4.789863,-4.705652,3.0072565,0.687626,3.5190337,5.8086386,4.7087183,3.6701443,-1.715795,-5.306346,1.431494,2.7658694,,2.718002,3.383961,1.5284536,3.3244355,-2.3823147,2.3075664,5.4218035,5.772068,5.2689924,2.7505126,3.519034,-0.5493276,0.30170545,2.226908,1.1415242,-1.1497368,-5.8637786,1.3985449,3.249725,5.180987,5.244155,,,,3.097089,0.27140415,3.6457639,4.9591813,0.8689768,2.2849183,2.157933,5.8557444,3.4731746,4.076355,1.714131,0.07955426,4.337657,1.8616804,6.654488,3.9149406,5.034731,-0.17493816,,,,,2.0728242,-3.221319,2.9642434,1.9530125,3.1067235,2.1886075,3.823296,3.8247385,5.100229,5.2425184,5.2392263,4.1490316,4.9602075,3.2134235,0.69454145,0.20395435,,,-0.44052663,4.8499746,2.7432065,3.386959,-0.14416686,3.8987157,3.953898,3.832281,3.8394544,-4.8254957,5.115947,3.5377505,1.3401989,5.1665936,2.8586252,1.6538601,4.433006,3.628103,4.269065,4.134563,-3.307283,,,,5.2306123,-0.6337269,3.4136798,2.7692404,3.954575,4.555494,4.317272,4.2006636,3.9510188,4.3436713,-1.3742385,1.7440736,5.170633,4.0870295,3.8005712,2.1537406,4.5620775,5.058892,-1.4227967,3.5625508,1.953762,5.1902795,5.4062567,2.9429538,4.616535,2.2835586,3.572308,0.71273667,2.0685494,-0.90765417,-3.2138436,3.3098736,-3.880802,4.3318224,3.830917,-0.64154965,4.8449416,5.3551865,2.4454029,2.3222332,4.3954015,1.3568959,4.6231017,4.420947,5.1887226,4.2282705,1.5493298,2.755639,5.243941,2.8403106,,
KARPAS-620,5.130676,-2.2140028,4.0701847,2.3977995,0.63677543,3.4271708,2.8589268,1.1585603,-4.0454545,2.5579605,4.8462067,-1.431088,-2.939994,4.904136,5.0479183,3.6063735,0.80399597,3.402685,3.3694775,-0.11550352,-1.848264,4.458589,2.7796738,2.6066215,,0.40076232,2.0524614,2.4931495,2.6234996,-5.68801,2.5105464,-0.89987594,1.3834037,6.0722356,4.5211678,1.0418522,2.7062263,-5.3717937,0.7493173,-0.35990223,,3.8373835,1.7519912,0.7865999,2.1945765,-5.1706576,3.1250226,5.4647865,5.288987,3.7905734,2.013653,4.332753,4.9336967,-0.32346904,2.865555,2.1349432,1.216782,-5.4093237,3.5212376,2.5043373,5.124972,5.019888,-4.5134115,,,-1.8749033,-0.31850016,4.8371406,5.11862,0.18233123,3.576946,2.0650382,4.7979054,4.2329907,3.368735,2.8089654,1.2508476,2.622434,1.4101057,5.3380427,3.285963,4.9610076,-0.12647314,,,,,0.6120992,-4.191946,2.8329668,-0.28865656,1.4553318,2.372483,1.3769054,1.9189461,4.1785045,5.008247,4.180749,2.0729141,4.3681965,-1.9918542,1.1342696,-0.57844543,,,-1.2681445,4.2073083,3.7443092,,-2.4139564,4.394125,1.7785703,0.48087233,3.3188033,-5.108766,4.047629,4.819656,2.1117582,5.3370833,3.5016646,3.8924353,3.6872444,3.524306,3.1497705,2.720795,1.2030036,-0.21617913,,,4.79512,-1.8201497,2.6298773,1.7788426,3.6718292,5.1166415,4.3880806,5.130676,2.5300043,4.254271,3.8682244,1.0223234,1.1124326,1.8354555,4.1366997,3.521201,3.7488496,4.6732183,2.5241597,4.2334795,3.2964182,2.7868478,5.1106997,3.226297,4.5416665,0.5281149,2.7177036,-0.5517017,2.1387,-4.3839045,,4.720677,2.7404482,4.184732,0.0063491017,-0.25204292,5.0054784,5.446326,1.9575245,2.319238,4.1893907,0.039014656,4.945617,4.4722595,4.013704,4.8640347,2.9851944,2.5982034,4.3789225,4.6311483,,
NCI-H1993,5.6802382,3.3245947,4.7810626,2.886791,4.3406196,4.4198823,3.2484338,-1.1397687,-4.9927535,3.502881,5.030558,-1.9033734,-2.5282185,5.3446484,5.298051,4.1720214,3.1543865,3.9685605,4.9179254,1.1099963,-1.8349477,4.854859,2.2294548,3.2184098,,0.90311986,2.0936248,-3.00069,2.7804008,-3.9753587,3.9954717,-1.2639774,-1.1057707,7.3964877,4.5578456,0.5020661,5.949609,-3.6351066,1.9781238,-0.21026339,,4.999247,2.502114,0.7878766,3.5742776,-5.871031,4.722458,5.933064,2.033708,3.896932,3.2588773,5.671174,5.012638,1.5120158,3.2435727,2.7765617,-1.4977713,-4.331514,3.9408228,2.6642911,5.5085125,5.992858,-1.071226,,,0.745251,-0.9157403,5.2545867,5.5309043,0.051255845,3.854581,3.0698764,4.564741,5.4093103,3.781784,3.6993713,0.53372854,-2.3259385,2.3260326,5.170003,4.4832454,5.3784204,0.11523427,,,,,1.1648095,-2.6484482,4.2481847,3.7871659,3.5547867,2.8374088,3.246025,2.9229815,4.5992885,5.7475257,3.6369336,3.5568407,5.991093,1.4828569,1.0198644,1.0477586,,,-0.23447673,5.642325,3.6865654,2.5720816,-2.9220476,4.6035914,2.4626133,3.6540494,4.127297,-3.7790966,4.7147207,4.752726,0.45448077,5.010004,4.500647,3.290354,4.856177,3.7239256,3.4470038,4.900093,1.2378709,1.295195,,,5.992858,-0.7200093,1.9701705,1.9183348,5.4553623,4.5036597,5.8270288,5.016853,4.165487,5.3094406,4.0489273,1.5641644,2.7936265,2.9018447,3.6338887,3.3264651,5.114489,5.9607854,-1.3648802,3.2498593,2.1372373,4.7557545,5.8683643,4.0196886,4.216866,1.1068059,2.4237387,-0.8960731,3.6350584,-3.412097,0.21121775,3.9867766,3.0087368,5.7326546,3.7020242,-2.3718233,5.4220724,5.8989477,0.7309766,3.3834548,5.2293267,2.385338,2.7901661,3.3418627,4.4211574,3.1917849,4.3666263,0.8324799,4.1527686,5.3909707,,
SIMA,5.195791,0.45893702,2.780173,3.0726998,0.05876766,2.9522545,1.1670401,0.76818293,-1.9804149,3.2180238,0.067038484,-0.92738545,-2.139541,5.384732,5.420893,4.1401196,4.097015,3.3938591,4.757391,3.6739237,,2.6816206,3.7979476,1.8471686,,1.8671415,0.9520472,3.0093381,3.464169,-3.366224,1.2560488,0.70931727,2.1307693,6.2947865,5.340958,2.3196793,5.0775766,-3.7739894,0.57865316,2.054108,,3.645326,1.5640088,-1.5905025,2.319398,-0.23392096,2.9290693,5.725699,2.5941205,3.1869323,2.4817932,4.307259,4.0506377,1.5846442,3.1799438,,-4.3597565,-3.387121,3.441208,,,5.278453,,,,-0.553651,-0.1167344,2.4365067,4.013099,1.504823,3.1665099,1.9582267,2.6798959,5.8098354,3.6688747,4.3740315,-0.8955836,-4.089232,1.1992766,2.3224607,5.3720737,,-1.6825103,,,,,1.2174535,-1.4035791,3.3394537,0.9080533,4.1330123,0.010928134,2.6179934,3.287578,5.3920355,3.5771954,3.1132157,3.0170636,4.26501,0.3881,1.3790734,-1.097443,,,-2.270264,3.7864993,0.059215337,-0.0051157097,-1.8951029,3.6228626,2.7523985,0.8637773,3.4839804,-5.4411225,4.070603,5.3085604,-0.06883072,5.4616723,4.1191916,2.3225694,4.384264,4.306679,,4.068779,1.8713236,,,,4.610727,-1.6513675,3.2960403,3.2408836,5.492258,3.7092228,1.7458849,4.9021754,3.185945,5.48772,3.051007,4.2359123,4.0380383,1.9245757,1.2239414,-0.5194898,5.2114344,5.4370623,3.465211,3.1054578,0.47236857,4.019697,3.215885,3.3461874,,3.3841832,3.8334115,0.3730386,3.9799352,-0.6605124,-2.8813229,0.6451801,-5.902567,4.6185603,1.9472717,-1.7991532,,4.964263,1.4636204,3.1109037,4.9170036,0.9289801,5.053435,2.1188016,4.9808173,5.358214,1.574996,1.3807871,4.995318,,,
JHOS-3,4.0279503,4.7012043,4.989026,0.8839296,2.4987297,4.2118087,2.5706034,1.0696207,-1.2915378,3.417613,3.5777817,-3.0929232,-2.538967,5.956905,6.425356,6.1812863,1.6661183,3.5645952,5.3879714,3.4220989,3.0840957,5.318659,3.0610204,6.8726244,4.1113257,2.9777946,1.3179512,4.1142116,4.765078,-0.26011333,2.5626955,,4.0303073,6.2355022,5.357655,2.4879687,3.4540493,-2.288854,3.240044,1.2984109,5.5157475,4.4466763,2.6287978,0.34432426,,-6.049253,,5.004412,4.6052327,4.0480976,4.127615,3.8843863,2.7245402,0.9448252,4.0606008,3.1239338,-1.4461106,,2.5342839,4.8146424,6.425356,6.425356,0.7848941,-1.6953177,4.443848,2.2840388,1.0843588,3.8527102,5.993738,1.8070567,5.163687,3.7214463,5.1544933,5.9484696,4.3285275,3.4205704,0.6161474,-0.42645514,3.5583413,,5.9399033,4.9455075,0.12538776,4.8781314,3.2976232,6.093084,3.0858777,,-3.0073824,3.9792912,1.9347869,2.3415098,2.4050694,3.2240214,4.939845,6.4209876,3.2525685,3.1536145,2.479197,,3.4362056,-0.057686627,1.237123,5.993664,2.4199653,-0.30425835,6.051678,2.8709366,3.3399692,-0.7451251,5.7322087,0.5615171,1.1428518,3.3984485,-4.876234,4.6744986,4.776729,3.4842842,5.745472,6.047881,4.945506,4.8371253,5.160537,6.1104035,4.612556,1.5465889,,5.333112,4.531203,5.6482,-1.5028783,3.3575075,3.6529427,6.423402,5.0573006,4.7603345,5.8902526,6.425356,6.3504763,2.6850946,2.595484,3.160068,3.1832163,,,6.4198675,6.3490815,1.0219007,6.8744764,2.1404383,5.049176,6.425356,2.6123643,5.5013075,3.4841385,5.557359,-2.0796635,-2.238846,-1.7358605,1.8229204,2.6675947,-2.4728742,6.3272505,4.428207,0.14101692,5.6557612,5.093731,0.28857547,3.3837788,5.5934477,4.911753,6.425356,4.0503635,4.054317,4.794218,5.0287533,1.47361,4.8717036,6.425356,4.5255036,3.860883
LB2241-RCC,4.2255106,2.0651855,4.062333,0.6873753,3.944166,2.387802,3.5961633,0.9333858,-0.2865154,2.148043,2.18242,2.1085136,-1.4909345,5.922556,5.9820395,3.3470988,3.5646195,2.6695256,4.9328904,3.157185,2.970056,5.113086,2.5396862,3.7400565,5.301138,2.715887,1.3867784,3.6794543,4.7166348,-1.5336354,,,3.093797,5.821991,4.980848,2.731349,2.6761427,-3.5267365,1.9962928,3.199363,4.816536,4.80117,2.5048487,0.5911311,,-4.511501,,4.0760713,3.6235645,4.5849905,2.9357293,4.2403035,2.860831,1.8508967,2.383972,2.9310086,-3.440008,,2.1172607,4.125107,3.5822723,5.9501615,-4.0220613,1.3284754,3.2970953,3.4222324,-0.42753354,1.7826551,4.745885,1.2130842,2.9794014,2.1988394,3.1988819,5.3453627,3.4880445,2.442642,-0.79285926,-5.381536,4.133701,,3.7577488,3.1229732,-0.85608304,2.8271778,2.9863071,2.5741107,5.97352,,-1.9394051,3.6794543,1.0723394,3.3025177,0.2791161,2.687061,4.3207326,5.844617,4.483024,2.7573917,3.2673423,,2.5300927,4.4345083,0.50498784,0.4480264,1.85438,-0.7801558,3.9206336,0.7876375,0.30619633,-1.9716405,5.286006,4.974336,1.8129808,3.6262105,-4.7348833,5.684295,4.5390825,-0.12326952,2.314599,4.9215302,1.191075,4.433477,5.6008224,5.8749743,2.8304446,1.6513014,,5.1351476,4.3370748,3.937851,-1.0923027,2.3126051,3.432244,5.940011,4.836179,4.438868,4.630526,5.358492,5.953327,2.7727032,5.3533115,4.269045,2.3477726,,,5.9439306,5.90874,0.14749582,6.3321304,0.4126209,5.311658,5.288844,5.6794276,3.6563685,0.99379027,2.6302714,3.0514286,-1.00788,-1.9078478,-0.8748238,2.108638,-4.186206,4.654025,5.546814,-0.027846653,3.740645,5.5086956,3.4018905,3.5543985,6.518662,3.006595,5.6773157,5.2066436,4.62024,4.177074,3.9645789,3.3207283,5.8347254,5.976922,2.7346995,1.7702612
WM-115,4.3922133,4.059464,6.191744,3.8686721,4.5285897,6.3235254,5.5555882,1.6573982,-3.1123075,3.7599304,3.9994051,-1.744982,-2.9745283,5.7862453,6.1139846,5.746332,2.0259123,4.3409834,4.6689777,1.8779984,2.8979323,4.6484156,4.307168,4.6737065,,2.752311,3.081701,2.6863437,3.7682037,-2.3872638,4.9246974,-0.5274106,3.439481,7.6317267,5.284718,0.69700587,5.624845,-2.1155212,3.0605822,-0.30211827,,5.5927925,2.5878499,0.5335357,2.1327355,-3.4783876,5.6399517,5.014779,5.665052,4.8599615,6.0738654,5.411651,6.358014,1.7299118,2.3524287,2.124071,-1.2720383,-1.698931,4.5794773,4.384343,5.863487,6.4455204,-1.2992412,,,2.6043632,0.8149424,5.1886272,3.743118,0.8696688,5.710762,4.2283154,6.082995,6.3078375,3.4173076,5.245509,2.7441912,0.67306125,2.9520245,4.269191,6.1430163,5.8178306,2.3869464,,,,,0.5768506,-1.8212858,4.2338696,3.6381736,3.7115874,5.121249,3.7745025,5.0649133,6.3513155,5.146497,6.4081817,5.037303,5.473321,2.7254293,0.42465022,4.03662,,,-0.9865402,5.4169693,4.188747,4.2178645,-1.1546315,2.3758807,1.6185474,3.5343964,3.1505103,-4.434528,5.996096,1.1310707,3.5544355,1.8053616,6.747978,5.2662444,5.202107,6.941486,4.7205105,4.4700947,2.8745542,2.6904442,,,6.339663,-1.5247525,1.2833853,3.188439,6.1764183,6.333818,2.7302155,5.932403,5.023433,6.393785,5.6210427,1.5407672,2.8548176,2.5097914,2.5532098,1.5374513,6.1992855,5.474284,-2.9944186,5.456591,3.2116528,6.225008,5.5058703,6.6415973,6.3207626,2.5395086,4.3117476,-0.31770846,3.3495038,-2.3699722,3.151189,3.9635873,-2.1806903,5.2153945,7.0714283,-0.3485999,6.435695,6.791805,1.6253794,4.054297,8.136093,2.363998,2.7314215,5.514525,5.1495214,4.202335,4.963024,2.0402305,6.1918707,3.988224,,
Becker,5.927797,3.0617864,4.784719,2.8163779,4.443441,5.975676,4.793436,0.49093378,-4.475146,6.6910987,1.4803047,0.31572357,-2.8144581,5.344202,4.1021996,4.972075,3.2227445,4.7268233,5.3819637,2.8233848,3.149398,4.5216417,3.978459,3.3475199,,2.7682827,2.4560041,1.6302186,4.2790804,-4.125372,5.810332,-0.36932883,2.0709312,6.6240296,5.423919,1.4388788,5.3729763,-5.3500075,2.373262,-0.595706,,5.5840774,2.226708,0.12799376,4.288904,-4.101558,3.0612996,5.8066072,6.111071,4.536347,4.3406377,5.5959373,5.567326,1.3988565,3.1463933,2.9969862,-2.788892,-5.0162897,4.02796,4.403434,5.923617,5.9937263,-2.542318,,,3.864603,0.007240916,4.9558644,4.613185,0.34437165,3.865231,3.30525,5.1017804,4.9207397,4.7014604,4.5569196,1.6106542,-0.6094805,1.000156,3.7267287,4.8924446,5.613686,-0.16139722,,,,,1.1287383,-1.7511162,4.3360324,1.6027187,4.9018497,2.6647732,3.8860512,4.161242,6.0060797,2.9784787,5.219077,2.8038363,6.014958,4.549183,2.3585143,0.06968925,,,0.0019840298,5.9175954,3.0999012,3.8718305,-2.390013,5.2890005,3.4535077,3.0767345,4.3434258,-3.6355839,5.192668,6.0018277,1.1012815,6.3679576,5.2562313,2.184291,4.36117,5.7759857,4.5398903,4.9861174,2.526902,0.9501679,,,5.8779397,-0.5926802,1.3174146,4.4310207,5.686851,5.8060966,5.1239767,5.8583107,4.4726996,5.902202,5.5431323,3.8675027,4.2060695,2.4082942,3.4151466,3.2312374,5.717404,5.7719874,-0.8012833,5.382451,1.9814672,5.3684325,5.624845,5.807076,4.070069,3.7509472,2.8852375,1.5681466,2.3692815,-3.4668365,-1.7354642,2.4573882,-3.3086805,5.446485,5.586495,-0.7938804,6.014958,5.54962,3.383908,2.821907,6.1553736,3.0503871,5.513009,5.4411325,5.655058,4.636781,4.5368996,2.8491125,4.5111732,5.386574,,
CHP-134,4.841917,3.3863688,5.0957623,2.2395673,1.6299889,2.2396028,0.8217296,0.21738906,-0.5548652,3.060999,-1.2690965,2.7282429,0.46913338,4.4958286,4.8833523,3.9074965,2.7972143,3.2477603,3.373228,3.6788104,,2.6281836,,0.061128654,,2.6799207,0.31317696,1.7424012,2.2948544,-4.329816,,1.8100234,1.0269206,6.6200857,4.594962,4.0271664,4.7370696,-5.752221,0.3127373,,,4.9024224,1.2061563,-1.4335763,1.9248753,-4.9547944,1.9261519,,3.185305,1.8292221,2.467767,4.808815,5.2559013,2.646476,,,-3.9578352,-5.937299,3.1373115,,,,,,,-0.464169,1.7400262,4.0712433,4.006304,2.1660717,,1.5751705,1.5774188,4.8345866,,2.5912812,-0.58461565,-2.7748363,0.32131243,,,,-0.82634497,,,,,1.5149391,2.5381296,3.989754,1.8160383,3.953619,0.98084736,3.4506888,3.7626488,5.1757283,5.01086,4.3983607,,,-1.115735,,,,,-1.7967469,5.1779194,2.3375404,-1.2780921,-1.6968251,,4.9070787,4.077756,,-5.68447,4.0143776,5.1931777,-0.648672,3.963619,3.9543414,3.1615636,3.1293008,3.972294,,2.712657,1.7129253,,,,4.7999363,-1.5328405,3.350549,3.546378,5.1225877,4.881963,0.7212904,,3.5476534,5.0852604,1.7547655,1.9960432,2.6914284,1.3650702,0.26856527,0.0037341458,,,,3.6873734,0.4757115,3.523059,2.0625253,3.4289649,,3.0582914,1.9344501,1.0567716,2.5115023,-4.493453,,0.70188504,-5.9610324,4.914743,3.0114202,-4.649854,,5.0115013,3.7287905,1.1969336,4.263887,1.3661522,2.5558288,2.5987337,4.3945336,4.128572,3.355056,4.4824395,4.9925933,,,
OCI-M1,2.2886763,1.1105096,3.3141356,2.7303147,1.4056616,1.8982743,-2.5831869,0.8477211,-2.6516933,2.957172,-0.7521051,-3.4560375,-4.00109,4.5615754,4.560043,2.8878748,-1.0128338,3.1916835,3.3819299,3.6995585,-1.0267885,2.7136617,1.2691321,1.0823694,,2.5462759,1.0081608,0.79328674,3.0975397,-5.40304,1.7229657,-1.1494406,0.7733095,3.4545054,4.4502616,2.4086564,3.1376739,-5.7518625,-0.45244646,0.30931365,,2.0125866,1.740723,-0.0684029,1.0595001,-3.840229,3.1064599,3.660261,3.855369,1.5763618,3.0960793,3.1533718,3.7252042,2.8873115,1.6517478,1.3236853,-4.435575,-5.6492157,2.7226377,1.4329042,3.6897593,4.560741,,,,-0.6908573,-1.0093492,2.4487627,3.0470984,1.4531145,2.6854658,1.6492504,2.9169078,2.2495794,2.706049,1.1747031,-0.9310696,-4.669705,0.3304164,3.139983,3.65481,4.2148705,-1.5350146,,,,,-0.2653664,-3.0776536,2.8883646,-1.0497204,3.5628831,0.49769455,2.5533798,3.084098,4.3806815,3.653784,0.9919961,-1.7160746,3.9421296,-0.607064,0.12124159,-2.730738,,,-0.9859666,4.98352,1.3577766,-2.7323422,-3.517801,3.3879585,1.7397753,-1.1746042,3.010179,-7.041479,4.378914,2.9567482,-3.1030397,3.1354816,3.283632,-0.6305903,3.0540347,3.4220228,1.7560778,0.62516063,1.0693235,,,,3.8108866,-2.823149,3.0419734,2.940267,4.32252,3.3769524,4.1869526,4.3252883,2.0351436,3.8968446,2.243892,3.0395296,1.0008737,1.6802913,0.7752512,-2.8404331,3.9028947,3.7490265,-0.02559232,1.9091904,-0.32791704,2.0845163,3.5204291,2.8421714,2.4591172,2.0583138,1.515482,-1.8494005,1.4099808,-5.3947177,-3.667589,0.53986984,-4.90884,-1.6916426,3.1893535,-3.17991,4.1538363,3.9536998,0.69649905,2.2474203,4.4530134,0.41234133,4.268782,4.3365407,3.7737107,4.1797223,1.244042,0.8802652,4.2616773,3.6230662,,
CP50-MEL-B,3.86767,3.023693,5.112534,1.8264762,1.8347416,2.6261559,4.84586,0.28763157,-1.7392479,2.2802317,3.2036955,-6.236916,-3.9984848,5.28616,5.3442035,4.010407,1.6326643,2.6973262,4.9226003,1.9616594,2.770496,5.632711,2.7797608,2.5725827,3.0662146,1.6842237,1.9092311,3.0416183,4.49373,-4.754145,1.8611038,,1.6130698,4.9588413,4.758477,1.844693,3.2917008,-4.75711,1.5429064,1.751192,5.044883,4.6949825,1.8664265,-0.27792186,,-5.394212,,3.8827512,4.1610622,4.501283,2.18025,4.2258434,4.099968,0.86381376,2.3460562,0.77162486,-2.0352669,,3.5922987,3.2029493,5.3118234,5.3260136,2.3529363,-4.32836,0.97674567,2.834933,0.09174285,3.3268769,5.061335,0.5791101,3.8824675,1.4721164,2.9650497,3.580632,2.9291809,4.0366755,1.4389964,1.3848418,1.2524446,,5.145765,5.2635927,3.9991238,2.4314542,2.338799,2.6229734,2.58104,,-4.085326,2.9283075,1.7372226,3.0315974,2.2138157,1.6563807,3.6259832,5.122433,4.6889477,3.7226639,2.8392224,,2.3994274,-3.3322673,-0.19927901,5.3442035,1.2001983,-0.4694294,5.0057616,3.7616808,3.5251892,-2.5276618,-0.39097032,-2.9262369,1.1475312,3.5747411,-5.719636,3.6643841,-4.3832064,0.13163723,-1.8205018,4.73353,3.332384,2.3784099,4.224073,5.3442035,1.5374047,2.976853,,4.869386,3.8040946,4.757071,-1.9885302,2.1792703,2.1272805,5.3093286,4.430368,1.7883424,4.817261,5.2931123,5.0961404,3.4242089,3.2392383,2.7565844,2.7098055,,,5.274371,5.342939,-2.4647207,4.0729585,3.1607053,5.0214987,5.0111275,3.312068,4.0535164,2.2179618,2.482022,-5.077799,1.7110999,-4.5487556,-3.0266469,2.968024,-2.0287173,5.337468,4.0930586,-0.51571465,2.0568087,3.8803003,-2.3978426,1.8493494,5.19933,1.9121808,5.3442035,3.2609367,4.6824837,2.8136384,3.516391,-0.27221498,2.832323,4.6851945,3.5677683,3.5697596
IST-MES1,4.322401,3.3326778,4.1190357,3.2080777,3.2426085,6.268681,5.2966805,0.8024839,-1.2817717,2.459365,4.8513155,1.5078499,-1.071354,6.170138,5.5504127,4.8144794,0.29488793,4.33442,3.8711045,3.7360713,3.1939578,5.9892488,3.5226398,3.0324893,,3.58972,2.792484,3.804911,4.545041,-0.10807061,4.346849,0.17466338,3.2651396,7.4506927,5.0538073,1.5327182,6.2215962,0.4515503,3.3732073,2.356236,,3.399986,1.2606964,2.4844508,4.486968,-2.9472482,4.0278287,5.19165,5.2056746,3.2701547,4.7826586,2.8477335,4.9432936,3.123473,4.8172765,2.25089,-2.2558105,-0.6137293,4.5651507,4.633932,4.5998917,6.2692585,-2.3575978,,,4.98746,1.2117082,3.2516785,5.732198,2.1049507,3.910455,2.394979,4.41883,4.2853284,3.6399627,4.356623,3.0176482,0.43938637,5.5819945,2.767236,3.9946868,6.194431,0.89650565,,,,,0.29320058,-2.0565634,3.8046029,0.019967316,4.2478676,3.6617453,3.1001177,3.9839518,6.07705,4.2696657,5.0703897,3.2400033,6.2692585,4.056489,2.52448,2.343181,,,-0.7948496,4.5294213,4.1945066,1.6754614,-0.72370577,5.5744157,4.973249,1.4138241,3.6392195,-3.1505857,5.78184,6.055952,3.8169844,4.2232575,3.4499867,5.4166093,3.4987373,4.4549417,3.5353723,5.0543246,3.9767501,2.0495574,,,6.093386,-0.9961549,4.266854,4.155932,4.165938,4.6236386,3.1090114,5.2311387,4.3382573,5.4298987,4.5991096,5.2221937,1.1488978,5.3076334,4.8294096,4.5638866,5.056321,6.2626944,1.3052742,6.6897964,3.470178,3.8665516,6.3066874,3.3103004,5.0779753,3.8209488,3.6459582,2.3063755,-1.026129,0.2702759,0.58013856,3.1233919,3.6944914,3.713945,2.9987566,-0.91541594,5.8182344,5.998432,2.833372,2.8371933,4.0523043,2.5502357,4.3863535,4.6178045,4.29778,3.4941506,2.1970477,4.3998814,5.7485595,6.258811,,
KP-4,5.0550566,2.9773827,3.503072,2.2360756,3.6209207,4.0779195,5.420415,-0.7906782,-0.7078805,5.1398945,3.3600414,0.6776227,-3.5973074,5.023672,5.100332,4.336235,2.7372506,3.909445,3.5138066,3.8513846,1.4511133,4.0175323,2.563621,2.3015637,,3.3022122,2.5433056,0.27430767,2.7652843,-3.623776,1.7157885,-0.5262349,1.6226441,6.130714,5.19619,1.1363891,4.958873,-5.5093627,2.315339,0.8580897,,3.0621452,2.5234005,-0.6332935,1.9235777,-6.2242665,2.7582912,4.721488,3.7851892,4.894826,3.378073,4.185183,4.9582767,3.1323228,3.135851,1.1932908,-3.2787445,-5.211107,3.5765615,3.5762036,5.1332793,5.198238,-4.212579,,,3.7677517,0.73708034,3.7388546,3.808932,1.6758075,2.7955744,1.6829568,3.5215535,4.3491755,3.3122103,5.114622,0.22942582,-3.2409406,0.96917546,2.9686594,4.6683283,4.466157,1.5613744,,,,,1.4964491,-3.2794433,3.5123289,0.9834851,4.775877,1.8048807,4.6410403,3.7487526,4.6962132,4.4886775,5.1059275,2.2667243,5.198238,3.079826,2.1801963,-0.7460664,,,-0.7340491,4.806509,4.501416,-0.86615086,-2.4235168,4.504871,3.2052476,3.1723156,3.8218236,-4.3275385,4.832142,5.18434,-1.1635667,4.441535,3.8721836,4.2228174,4.2690964,3.966384,3.6868122,4.0819526,1.7022166,-0.5523143,,,4.555419,-0.38470095,3.3521552,4.5959015,4.5726576,5.1037097,4.552741,5.12923,3.3387892,5.0858774,4.348467,2.174091,4.105564,2.9248295,3.0789652,1.182188,4.3329062,5.10184,-2.9133208,3.0107052,2.3751092,4.253858,5.366511,4.2854843,2.4350235,3.3497515,2.4279728,1.3666993,2.248687,-4.8355474,-4.266692,1.4667286,-4.7016993,5.4196377,4.72319,-1.7583269,5.198238,5.4703164,2.700101,2.8646944,4.758098,5.1109524,4.2831383,5.178917,5.1042223,4.269426,3.737152,3.104227,5.1873245,5.0264535,,
MEL-HO,4.2667685,2.4551551,4.3478227,2.1320975,1.6670403,3.1688108,4.117404,0.8615937,-2.9071698,2.817719,3.516733,-5.003693,-1.2100265,5.4773116,5.588441,3.5567968,2.162751,2.2724133,5.2382627,1.4010593,1.0940124,5.751696,3.204277,3.7321,4.4602284,0.9447451,1.1048204,3.2858558,4.0093827,-2.4051695,1.7759933,,2.766784,4.954786,3.3549533,1.6523472,2.8567536,-4.138069,0.42002833,-0.8682146,5.2859488,5.3280444,2.0352154,1.317913,,-1.4811753,,3.324628,3.7088852,4.680373,3.3094702,4.276104,3.625786,1.4493954,1.3326539,2.346415,-1.1895632,,3.2669194,3.9397385,5.5843883,5.316197,-2.5255628,1.0151638,2.8857439,2.0343251,0.25418496,3.4638963,4.2748647,0.687292,3.8566597,2.4461231,3.9255226,5.0064707,2.3946211,4.1364503,3.4908905,1.2310718,2.030529,,3.7258017,4.30285,1.6588845,2.6223786,2.1373124,2.7807386,4.267101,,-3.5101347,3.2803102,3.972751,3.6748898,1.9778441,1.8169757,4.128776,5.492038,4.254039,3.7111638,2.3655891,,1.4817133,-1.9858303,0.9033804,5.588441,1.3385816,0.53405935,3.6434875,4.2618446,4.045629,-2.508804,-0.23280598,-1.3544787,3.7520652,4.538107,-4.671841,5.2373695,-2.6183846,0.7318589,-0.42665225,4.2931037,3.1731625,3.6723714,4.6540127,4.2818093,1.8275801,3.2214656,,3.703563,4.009959,2.7169662,-1.2546563,1.6736977,2.4892566,5.5820966,5.0202756,3.329857,3.6509614,4.0298257,5.5841527,1.9968168,2.3847198,2.0129893,3.097131,,,5.5557623,5.3613605,1.3702878,5.8046737,2.5392065,4.369261,5.588441,2.919643,3.42546,1.0131617,3.1467617,-3.6911736,2.8587687,-2.181395,0.8852029,2.9707608,-1.3834312,5.2281795,5.1326265,-0.55256003,2.9778721,5.0476294,-1.604676,2.9062486,5.038538,0.2837191,4.7092013,2.8179338,4.3823,4.2987037,2.4367018,0.5043397,3.6638875,5.588441,4.0189753,3.443663
NB12,,-5.1850963,4.3917036,3.011083,-0.62429065,3.7139275,-2.4624166,-0.517138,-0.8802362,,2.792421,2.857402,-1.5227492,,,,,5.2895846,,2.1849554,3.4321477,3.2221258,3.1454508,2.1889372,,-0.10528168,0.8838351,3.4321477,2.5735056,-3.5733125,,1.1738814,1.3208419,6.834455,,1.496664,,-4.44477,1.0358942,0.7534282,,,1.413654,-0.08095017,1.6950941,-4.338734,3.548737,4.999316,5.4551897,,,,5.148912,-0.6247817,,,-2.6164582,-2.9132175,3.3952446,3.9356213,5.4863095,5.04969,-5.0028296,,,-5.108391,-0.9961927,3.9093535,5.0812087,0.47197083,,1.2329527,4.3480377,3.5413022,1.9758486,3.225933,0.93177944,0.98453224,2.8547957,2.8473015,4.8329697,5.365075,2.1364417,,,,,0.5956771,,3.037488,,0.09190665,2.012276,,3.0869563,,4.618372,5.559764,2.1195917,5.082284,-3.0979745,3.795108,-0.83261395,,,,3.6419365,4.178691,-2.10392,-1.225381,,4.575488,-1.4126368,3.8407571,-4.1676726,4.0720706,4.894989,-0.4504396,2.8306513,3.9628847,,,,,2.7044904,1.3681669,0.18967615,,,,-1.443769,1.6974876,1.3560644,3.0185142,4.233057,2.0298557,,2.5273383,5.180825,3.0118454,,,2.3391716,3.5921476,3.664441,5.443293,5.568431,1.3901466,,2.5245097,5.3623857,5.702233,4.296531,3.206286,0.74197876,4.346767,2.5831797,3.8426664,-0.5296912,0.041711397,2.3439543,-5.008078,,0.6756444,0.03109006,4.900535,5.662666,4.67731,,,,,,,,2.5613794,4.6505938,5.5154734,4.5986137,,
NOS-1,3.2488837,0.98777527,3.7928376,2.791013,0.36690095,3.783681,2.1898785,-0.7053079,-1.1978331,5.7598543,5.1779814,0.3743963,-2.9007049,3.853538,5.2841663,3.6671424,0.8621286,3.213794,3.7879205,3.6149688,-1.870568,3.8355882,2.7233286,1.0446066,,2.6713977,0.77670366,1.2243422,3.219939,-2.30265,3.9843528,-0.36873886,1.8629247,6.324093,4.1818933,1.6097137,3.4267964,-0.36957482,0.8216216,2.1288571,,2.9276106,0.5469024,1.5843496,1.6736982,-4.5377636,3.4339347,4.2843156,6.2189894,3.749578,2.7861805,4.9800897,2.975637,0.8277053,1.6113526,1.5463347,0.28766972,-2.4418495,2.742141,2.0772111,4.7673497,5.285905,,,,-0.14678128,-0.3838291,1.966656,4.622485,-0.13236661,1.1295375,1.9528221,5.3904786,3.041896,3.6866856,1.393179,0.03121082,3.9835777,3.9076738,5.4084635,4.677806,4.414287,-1.3086427,,,,,-0.13747135,-3.2540767,3.6082191,2.4922934,2.0977538,2.7928298,1.4915197,3.0830142,5.240331,4.140318,1.3034785,2.4587798,5.272638,0.31534678,3.2244244,1.2570504,,,-1.7868311,4.37213,2.2596889,2.0338273,-2.1462183,4.3434286,3.611798,0.5052068,4.454293,-3.904343,5.114919,4.9293156,2.3513825,2.4804056,2.9284687,1.8676101,1.5754768,3.6327045,2.790436,1.5129135,0.9262983,,,,3.4315083,-0.730092,1.9629203,2.9183378,4.785996,4.581987,4.616327,4.186671,2.617802,4.91686,2.1245239,1.6156969,2.506184,1.7969816,5.164465,3.6403637,4.881437,5.2198133,1.8827752,3.999499,1.0861071,3.298611,5.0596232,1.934098,2.6369128,1.3144653,2.4620178,2.7821534,-1.4758745,-1.0089148,1.2776208,5.264263,2.853113,5.280265,2.0038157,-0.18878804,4.271191,5.453783,2.6064494,2.9667969,5.241326,1.1016984,2.3408403,3.2014327,4.7394843,1.8649595,2.003573,2.481054,4.9929733,3.5972304,,
AU565,2.007538,3.1760006,4.403131,1.9408274,2.1958554,4.5608606,2.8394094,1.0758718,-5.1786194,3.0234826,2.7965388,3.351415,-1.8471135,5.2763395,5.363296,4.083617,5.364747,3.7726345,3.1081448,0.7392353,-2.470854,4.460234,3.2006054,3.2746186,,1.3521243,-1.0172176,2.6843135,4.651537,-5.073178,2.3202124,-0.6184531,3.053697,7.155079,4.248095,1.0569556,-0.54174125,-5.2796445,0.60831165,0.80430764,,3.8056917,1.8263375,1.4839816,2.8353746,-3.302991,2.6406884,4.92651,2.7979774,4.5597043,2.2512205,4.2481337,0.45263565,1.6762813,1.8769633,1.2988166,-2.834675,-2.7201843,1.1403023,2.1091447,4.38085,5.3618026,,,4.322451,2.6614175,-0.16952728,3.335398,3.7979605,0.19994265,3.696717,3.079467,5.531676,2.5842474,2.7866158,1.9485801,1.6396102,-2.7337644,2.9125981,4.963998,4.6536274,4.88385,0.33006224,3.3336282,,,,0.7282224,-3.203558,3.502843,1.6550725,2.1400573,2.0626237,4.379475,3.4957225,5.1429515,2.151563,3.1522813,4.074715,5.364747,1.9058865,3.8957348,0.43739367,,,0.8925646,3.9095144,2.0557957,2.659304,-1.6482462,3.7571952,5.3413315,2.4398274,4.1544256,-5.396155,4.965866,4.48031,2.4436405,4.730618,3.5895355,2.999995,3.1828692,4.99633,4.456588,1.8038118,-1.5339737,,,,4.796729,-1.3764201,1.8952187,2.3990057,3.981073,5.2254953,4.416541,2.3791776,2.9075584,4.9974875,-0.86654377,1.7441183,5.3546762,1.8022978,2.9296458,1.7464002,5.3605375,4.9702816,-0.186915,3.148681,2.96438,3.6720762,4.741986,3.6358817,2.5636053,1.7044864,3.2083564,3.535307,3.062118,-4.9357986,,2.4236279,-3.6400898,4.5506926,2.5594482,-1.4174443,4.1062117,4.9011183,2.8381784,2.0850575,5.213377,0.39971906,3.2027946,3.7375135,5.364747,3.6458588,3.147118,3.3652587,4.878596,3.8157039,4.6661315,3.63145
NUGC-4,7.2288394,4.9912047,6.1033287,1.10564,6.165106,7.1331134,7.25064,3.0952177,-0.57721263,7.1187897,5.282172,-0.9481883,1.695551,5.556429,7.125928,6.5971465,1.2445436,5.662377,5.492737,5.6148367,-0.67011154,6.3762703,2.7622213,5.486191,,5.8724566,1.3150265,2.031275,5.9212813,-1.4159349,4.347777,3.407619,6.8590474,8.242873,7.265393,6.2362127,2.5428874,-0.3689138,0.8879451,1.21805,,6.334276,1.4620256,3.0329263,7.1745853,-1.3457655,5.4763494,8.076846,7.37828,4.887877,5.146351,7.249553,1.8229033,3.3215466,2.01781,3.371604,-0.014391358,2.2396142,3.8791652,5.605141,7.107947,7.2619114,,,,2.8735452,3.260179,4.6597595,6.469275,2.7827976,7.2380815,5.255251,5.6896334,7.271925,6.037094,2.5254264,2.7318015,4.577895,5.650433,6.1169806,7.24601,7.217262,4.363313,,,,,3.737822,-0.23395728,5.5085,5.20694,4.655177,6.4447174,3.183721,5.908181,6.551811,6.07231,5.773371,1.7237065,7.0843863,3.6143343,1.6580278,1.8280883,,,0.48895156,4.51317,3.8186674,5.7900815,2.1401052,5.056458,1.6563727,7.238901,5.878463,-3.6781182,7.311265,7.2610493,4.534564,7.620562,6.699065,4.4186406,4.4693437,5.185423,3.8643045,6.3454556,0.5140026,,,,4.2530704,-0.018418064,5.53534,5.151317,5.1296134,7.100924,5.2885656,7.10827,6.542399,6.0131063,2.7609699,2.1784902,2.460814,2.6428635,5.828483,5.6514444,7.2190204,6.300185,1.9814152,5.495586,4.038226,3.3196754,6.7688932,6.967788,5.2647734,5.8241134,5.279965,0.08875019,3.1427147,1.4266655,0.49404958,5.628491,4.715227,6.737157,8.413103,1.0235945,6.916758,7.372375,0.51875526,4.830665,8.4497595,1.159463,4.824271,6.663095,4.469842,4.3190722,5.847672,3.6589954,6.936156,6.052991,,
HCC1143,5.073838,4.156547,4.664683,1.8611873,1.5144676,4.2779717,1.3101045,1.2912987,-2.0427537,5.271335,3.7979605,-0.27061328,-2.0514698,6.0740695,6.159987,5.6408916,5.994653,4.1245174,5.7859845,4.005381,1.7315042,5.3106356,2.7097447,3.458619,,3.0682693,1.0473899,2.67328,3.2549188,-0.69744736,3.2088811,2.8039742,2.8197956,7.7834716,5.6563053,2.7242186,3.8282793,-2.3943415,1.6436217,1.8873404,,5.0770316,3.3468041,1.3398159,2.5351522,-2.3458893,3.5499072,4.846344,5.097802,5.770459,5.15735,3.819537,2.1165094,1.7369292,3.066885,2.9538171,0.63891447,1.3483752,2.8350403,4.5240808,6.5546036,6.194466,,,3.2080529,1.4049662,0.012081458,2.1474974,4.839417,0.8620552,4.2435884,4.505019,5.96196,5.419357,4.5233397,2.0648465,0.7319379,3.097886,2.921186,5.2674923,6.178113,5.5588255,-1.5877496,4.140221,,,,1.9964029,-2.4797149,4.5009804,4.1298523,2.8297997,1.6698136,3.2864764,3.669589,5.7867007,5.7780905,2.0043218,3.1228316,6.1794534,1.5929518,1.2632439,1.7584224,,,1.235607,5.028995,3.3855796,3.0521424,-2.6969619,5.494689,3.3802137,0.7738624,5.070128,-4.1855526,5.632609,5.7332535,4.8549294,4.458378,4.3892965,-0.015149176,5.30385,5.819417,4.34378,4.0408244,1.7757534,,,,5.678569,-0.7921078,2.0878975,2.9954903,5.499921,5.300266,6.153201,5.8636312,3.5186975,5.573121,2.0227828,1.7650294,5.4456296,2.7791164,5.757688,3.8003428,5.8703938,5.0432177,1.0307541,4.2810993,0.80256844,6.2205753,6.6476784,4.7937827,3.8515987,3.5733008,4.7648864,0.615299,0.8488689,-2.6683772,-0.53659314,3.6444461,4.0438943,6.050417,3.332631,1.4476107,6.396522,6.2659144,2.4153366,3.4294019,5.144489,1.5901933,5.406355,5.3614516,6.1162553,4.0843625,3.8596556,4.069663,5.070771,4.891868,4.4140744,4.8825197
D-566MG,3.5883586,2.94781,4.702635,2.6558251,3.4297767,3.1501532,3.1872532,0.7383696,-2.4847949,3.2816222,0.70597655,0.96580726,-3.6592283,5.041023,5.0434356,5.034277,0.51499975,2.7355163,4.7856565,3.536649,2.190062,3.0248854,3.3833375,2.618012,2.1402988,2.478721,2.0853357,2.693912,3.7441251,-3.530592,0.7312941,,2.1214614,5.695299,4.693283,2.5342157,4.903845,-6.396149,1.2330337,0.61830264,4.4106264,4.264698,2.8515394,0.48423207,,-4.428222,,4.683814,4.013408,2.5266566,2.0662637,3.4615233,4.4750886,1.4892145,1.7175745,2.0467565,-3.3857303,,3.2267494,3.4327352,3.3766325,5.044085,-4.011289,-0.53464216,2.456691,2.7861316,-0.053329874,3.2303536,4.6929097,0.38530234,4.369822,1.6914644,4.207827,2.9142869,3.921632,2.9186504,0.3322125,-3.331592,1.8462889,,4.0609903,4.0466404,0.26092866,2.1999493,1.3662105,1.620089,2.8045878,,-4.150401,2.6417007,0.27141914,3.7693617,0.82294756,2.5716887,3.5090864,5.0062075,3.9307673,3.2676008,-0.4890573,,3.811038,2.8880067,0.30338156,3.252171,1.6681947,0.11842868,4.581245,3.4654653,1.1252375,-3.3924165,4.3436317,4.3178177,1.7260644,3.3691685,-4.9590077,5.044085,4.4443827,0.5294803,2.4370549,4.376151,1.8526057,2.6768775,5.5358834,3.4481385,1.9547285,2.9887054,,5.0367355,4.5745225,3.2752788,-0.89605254,2.2152643,2.9561653,5.0319796,4.7167344,4.13882,4.9901085,4.789255,4.5022354,2.0454414,,2.0614562,4.401325,,,4.613608,4.9527564,-1.9619516,3.2124884,1.4046998,3.6616445,4.049983,3.2384355,1.2377523,3.4235418,3.103607,2.8428152,-0.3596553,-5.596165,-2.8057806,0.63354295,-4.824458,4.186649,3.910599,-1.5969895,3.5184138,4.9521046,4.46942,2.64373,5.560508,1.3015506,5.0397987,5.043315,4.58702,2.4901242,3.8558702,2.4148052,5.026893,4.944286,4.3097587,-0.2007593
HPAF-II,6.187503,3.1475182,5.528503,2.923775,3.8048742,6.4189425,3.3154929,1.1574754,0.020186588,7.234984,3.7916536,-2.2259502,-0.32396853,5.8191643,5.8050284,3.3105435,4.7626557,4.9688168,5.051725,4.0606613,3.544302,4.680393,,4.113362,,3.6203833,2.8234622,3.8426325,4.378469,-0.5778013,,,5.322594,6.378875,5.186408,1.4857284,6.39159,-1.4479305,3.1643407,,,3.6907322,3.2909493,1.7037417,1.8937474,-3.9438705,4.3991485,,5.667101,5.9263325,5.7001696,4.9216757,3.9531493,3.0197215,,,-0.19098796,-0.93200135,4.4614305,4.8294907,6.375533,,-0.15729403,,,0.6928453,-0.0036532688,3.1606948,5.788611,1.0532278,,3.7701006,5.6647263,5.8140206,,2.7656026,1.2691875,0.9765323,4.832018,,,6.497693,0.72590905,,,,,1.8910613,-1.7041134,4.0400915,4.137329,5.1728354,3.5681102,3.4990206,5.146975,4.409896,5.907394,6.407552,,,-0.8300822,,,,,1.5600283,5.8594565,5.3201704,3.7070663,-1.7386585,,1.9121045,2.2262323,,-4.6314893,6.160536,5.202243,2.8622344,5.8475432,1.7466502,5.812947,4.469966,4.9180627,,4.330238,2.155225,,,,4.9364514,-0.7952328,3.5163085,3.9463885,6.306962,6.2320733,5.8347063,,4.624789,6.288539,3.7763433,3.1282518,6.0365014,5.4352407,6.8138056,3.1923823,,,,4.3057184,2.4425685,5.856806,6.4794016,6.191586,5.5445876,4.29776,5.783828,-0.69820017,1.5736191,-2.09703,,5.407978,3.8653593,6.278477,4.594077,1.812474,6.4807568,6.5760684,0.9644915,2.5106304,6.3003883,5.189944,5.3669157,6.1294928,6.1912103,4.8647656,4.063146,0.8565501,6.4001603,5.956062,,
SN12C,6.005122,4.255167,4.0675135,2.366355,4.62472,6.134368,4.7287855,1.1112552,0.37345392,6.2074304,3.3062396,0.87874186,-1.4845355,6.063262,5.2035785,5.9988604,4.520529,4.60976,5.1988215,5.480067,2.1402779,5.760841,4.747961,3.1659856,,3.8136985,2.191227,3.7022657,2.4602165,0.86551833,5.9937162,2.0620537,4.8639984,6.269801,5.8295736,1.7223839,5.9958034,-0.62701565,2.5520127,3.2382116,,5.4180117,2.355016,1.4933308,3.1807652,-4.078275,4.225743,5.509721,6.659907,4.954934,5.497162,5.688094,4.358106,3.664441,6.0537314,2.958269,-1.3806775,-0.8857719,3.9917848,3.566109,6.114939,6.4939075,-5.5431085,,,3.392807,0.9300831,3.305857,5.298087,2.3092165,2.584432,4.4922795,6.3206487,6.0637302,6.235115,2.592154,1.9171199,0.13063425,4.0188513,6.4267426,4.302404,5.7072606,0.6008522,,,,,2.4859216,-0.97390056,4.0909667,4.439627,5.5562572,4.0352907,5.315,4.7793407,5.444804,5.6613436,5.9636283,5.159437,6.505659,4.4797807,3.6574378,1.5030823,,,1.5287333,5.5558534,3.509132,4.2993135,-0.89981127,4.7602544,4.9456215,2.0463223,4.3378167,-3.1417875,6.129376,4.542392,3.6445162,6.2507806,4.378197,5.3592553,3.9165125,4.6666336,4.963965,5.2174873,3.4742205,3.2077034,,,5.769536,-0.7671782,3.3954945,3.9154487,5.804134,6.0064673,5.8137727,5.4962807,4.1934166,5.7062974,4.8851094,6.123588,5.9038234,4.370697,4.1811914,4.1508822,5.369711,6.3754706,0.9299962,6.638856,4.411831,4.405506,6.110268,4.5005713,6.139191,4.068982,4.8034477,2.5209365,1.4080423,-0.610133,4.785578,3.5759125,4.227734,5.2368245,5.149081,-0.6069605,6.131407,5.878161,2.7855084,3.753646,5.967542,6.0758634,5.8135915,6.0439205,5.72442,4.848256,4.127555,4.731703,5.768207,6.1363616,,
KYSE-150,,2.5829468,3.7489247,2.0111265,1.6194124,2.660131,5.303854,1.1250778,-2.6644244,,3.8060224,-0.42005205,-3.9984205,,,,,1.5406126,,2.5960095,,4.3133054,1.5611283,2.4737027,,2.6011627,0.69510686,1.7009193,3.7244601,-5.137003,0.81767666,-0.62001747,1.445077,6.501315,,3.0715957,,-6.246162,1.0947648,-0.48501092,,,1.8651669,0.36922285,2.0320334,-6.1593523,5.3751874,4.2735257,3.2562609,,,,2.3423567,0.3553899,2.4256444,2.1279972,-2.695154,-4.888817,1.3579395,3.406739,5.598465,5.6469555,,,,2.581156,-0.2895794,4.5883923,5.5466256,0.26934236,0.49387926,2.1183183,3.2792695,2.5589576,2.8741658,0.8230482,0.6688548,-0.48797366,1.676973,-0.30069956,5.129605,4.9502172,0.8503041,,,,,-1.9612108,,2.9387348,,2.308645,2.1435483,,4.211025,,3.307462,3.6009376,1.1852009,5.6469555,3.895849,1.3224446,-0.62640476,,,,3.8406248,4.561628,1.1282994,-3.3119583,4.9537463,3.4784307,0.963931,3.9374404,-5.560808,5.5913763,4.9498687,-0.26638824,3.5237722,5.001236,,,,3.43067,1.5229924,0.72106516,,,,,-2.3428628,4.159161,2.489627,5.5113697,4.2607584,5.3388176,4.8192954,3.7046838,5.6334996,1.0373733,,,1.7104272,3.2501094,3.1453094,5.272915,5.6169543,-3.087006,,3.016808,4.372021,5.124403,2.5230272,2.1162174,1.9526285,2.252301,1.1367317,1.3170092,-3.9729977,-3.3652222,2.676869,-3.3013797,,3.8770192,-1.4204525,4.465304,4.9125237,0.8742137,,,,,,,,3.2278233,1.7872719,4.330145,5.5606933,,
NALM-6,4.3022103,-0.9199014,3.013045,1.8151753,1.9118152,3.5980465,3.166729,-0.8860009,-2.7275312,1.7422351,-1.1802839,0.17449737,-3.9773772,4.222454,4.747557,2.9739347,-1.0989078,2.5038135,3.6944084,-0.16324985,-3.59115,1.521719,1.6189213,-0.057691,,-1.0452005,0.8450348,2.4236057,1.3029164,-5.6985054,-0.7514539,-0.5759915,-0.2813657,4.092354,4.3827825,2.7577097,3.0540078,-5.4508977,0.778016,0.050510257,,3.8618062,1.3130624,-0.72711456,3.998969,-6.104494,2.8597286,3.416298,2.3390033,0.7394962,2.023375,3.880495,3.1568599,-2.1991634,1.7353175,1.7570068,-4.83983,-5.802433,2.6861176,3.0352747,3.1827674,4.755214,-7.519153,,,-0.26462042,-0.6870235,3.2393897,1.9169687,-1.7839776,3.2609386,2.1726642,0.88566405,2.6609502,2.6963449,2.9487324,-0.6379566,-5.2526546,0.8211183,1.9425894,3.9032998,3.9074574,-2.074906,,,,,-1.2736349,-4.224755,3.4876091,0.08447916,1.0272431,0.29013127,-0.040624805,1.7123563,4.295428,1.9421182,0.574999,-0.8001234,4.755214,-1.1003939,2.0252342,-2.307055,,,-2.9978423,3.9495063,2.069369,-2.2274818,-2.5390382,3.1032248,3.3918304,1.1715566,2.5115285,-5.363676,3.5564585,3.5663536,-1.1627471,4.265562,2.9145796,-0.33550203,2.2344153,3.1721618,2.270444,2.1117082,0.7277673,-0.099288516,,,4.755214,-1.4624144,0.07383742,0.9142557,4.3629847,4.755214,0.718258,4.3604383,2.435694,3.9301724,2.0337887,0.53620595,0.22405028,1.6716299,0.5045316,-3.7161307,4.7387743,4.506879,0.6601329,1.2837175,-0.40402856,2.5052865,2.1681955,2.2976177,1.703199,-0.723539,0.39489913,1.2633129,-0.33683953,-4.852787,-4.7716637,0.1843766,-5.54685,2.9878685,3.3878713,-3.763082,4.726052,4.7363257,1.9439678,1.5413387,3.5552948,0.07861067,2.603473,2.169639,3.257561,1.5264106,2.6246188,2.017323,4.643405,3.749744,,
LC-2-ad,3.8648586,3.5489852,4.9768896,1.8620917,2.091284,3.973099,3.7898157,0.17480302,-1.434479,5.959621,1.166365,0.0075046155,-2.39302,5.1607914,5.26041,5.26041,2.4760444,2.9248536,4.6716475,3.3214498,2.9453537,3.89707,1.9017019,1.5832055,2.5670273,2.8458712,1.6378995,2.948148,3.2286732,-3.3620448,0.91932315,,1.7021803,5.2558465,5.1215444,3.3226469,2.3984792,-5.472599,1.3645661,1.5111303,4.4687014,3.7879007,1.3986081,0.69912356,,-4.368124,,4.2146664,1.8804934,3.1026847,2.7137337,2.856676,1.4174352,0.7849721,2.5872147,2.170792,-3.9908369,,3.6359172,3.6460435,5.195792,5.2587624,-2.2038324,-2.6752217,-1.1345108,2.3928301,1.2488676,3.5255682,5.0993304,0.7462192,4.556981,2.6589656,3.7972445,3.8505383,3.361656,2.1277227,0.6209801,-4.3211517,1.4252839,,5.08228,5.197447,0.54164046,3.667193,2.0411165,1.5937223,2.912247,,-2.6430447,2.7620451,0.18291736,2.471424,2.0494056,1.7739502,3.3634503,5.26041,3.0843806,4.287838,0.81270665,,2.1484938,1.9608175,-0.7287159,4.1811223,3.326229,-1.1137148,4.64971,4.1279645,-1.1514661,-1.6818218,4.5665865,3.5044389,0.7823133,3.616606,-4.9168315,5.2257247,3.8558178,-0.9648591,3.5315614,5.092363,4.32584,3.1128922,4.895239,4.3565516,3.4078195,1.6416692,,5.250194,5.060279,4.738691,-0.87530446,2.886045,3.5117552,5.1160398,4.8481894,3.7140095,5.215335,4.615542,4.974876,2.8052616,3.0301352,3.971343,2.0446305,,,5.239816,5.2043753,-0.14247823,3.1169534,3.0407221,4.921451,4.9558806,3.0466666,2.271179,3.2105765,3.2572048,1.6769934,-0.34000778,-5.1036453,-1.5865681,-0.03601157,-5.3887634,2.9280577,4.1890364,-1.427884,3.0682924,5.2537856,2.2369435,2.4624484,4.888933,0.4998829,4.9370704,4.2556014,5.034664,3.2830691,2.6787906,1.7204401,4.3184147,5.256348,3.8136406,2.462544
EFO-21,5.883423,6.2164874,7.1354656,3.12185,4.6180496,7.9731956,5.074139,3.3304076,-0.8378014,8.672239,6.4247737,1.4598937,0.89818156,6.0827804,6.5859866,7.1370993,3.620209,6.353514,6.2446413,6.4722705,2.2040756,6.420966,4.3823133,8.382822,,3.9955459,2.605903,5.6787925,3.8816643,0.109849446,7.1334596,2.0737238,7.475472,9.203067,7.4138722,4.146324,4.1976585,-0.19273607,4.933541,2.6464207,,6.5467677,2.446896,3.251583,6.3821726,-5.322818,5.7560825,6.8463545,7.794808,7.21526,6.0266957,6.22138,4.8552113,3.7207577,6.3479633,3.995162,1.0242304,0.05002804,4.999571,5.2055006,7.48573,7.6498346,-3.9433594,,,5.4140315,0.8828125,5.695699,5.805744,1.9429474,4.7687273,5.8779874,7.7064824,6.518449,5.076316,4.532081,1.5852531,0.67828023,4.348576,6.266719,5.684073,7.803343,0.9258036,,,,,3.09619,-0.47426438,7.1376305,3.6877813,6.060126,4.69577,5.536241,6.4907436,6.798289,6.022131,7.0861034,3.2170208,7.9813776,5.8418074,3.77805,2.8839452,,,2.0149577,6.525955,5.1776376,5.9222817,0.39062753,7.2078896,5.3183317,2.4845655,5.721167,-2.756796,6.463404,7.8230453,4.030821,6.5695395,6.1310163,7.0167236,6.6237154,6.8184423,5.076901,6.722311,3.4637089,1.5128978,,,7.4661136,-0.8410767,3.6516218,5.6002126,7.26863,7.4454618,9.031498,7.543502,8.3154545,6.882005,5.6966577,-0.7262522,5.0916834,3.321809,7.497483,4.100879,6.8120117,7.6327252,2.5200155,4.94656,4.414506,6.4195,8.0584545,4.4874415,7.778759,4.7871943,7.5388956,2.6916463,1.6926175,-1.2807276,2.917188,5.4256372,4.396058,7.304481,4.51805,1.1767348,7.718482,7.886468,3.4674196,4.0906687,7.257229,6.8372817,3.928086,5.6506557,6.162507,4.663609,6.534287,4.571894,7.4956875,7.02445,,
RT-112,5.190257,1.7373677,4.4934726,2.2862854,2.1472828,5.5378165,4.5094967,-0.3328402,-1.9912523,6.131579,3.932196,-0.4617197,-3.1772747,5.1973166,5.363996,4.0701156,4.162934,3.4439964,3.8268943,3.0754237,0.21938345,4.566047,3.2275336,0.8742667,,2.5175066,1.8894316,3.078724,3.106559,-4.8165236,1.5910707,-0.17780456,2.0299056,6.997517,4.799295,1.670967,2.859142,-5.775097,1.6684315,0.49051237,,4.658441,0.3503377,1.2913897,3.1763296,-4.1955004,4.0330997,4.1203966,3.5523891,4.09823,2.4783423,4.6445084,4.527822,1.9959103,4.147117,1.4286411,-0.12337914,-5.713901,3.1840222,3.3907726,5.455313,4.922312,-4.6667113,,,5.104147,0.3128141,4.709179,4.5398684,1.3434587,3.455909,3.3743207,5.223879,3.5539677,3.8751585,1.9226298,-0.20967197,-0.55311286,1.3265606,2.5079181,5.1384974,5.3070784,-0.035119284,,,,,1.9169629,-3.7422001,3.0159302,0.521123,2.5073783,1.2582787,2.548662,3.1761355,5.5218225,4.873078,3.6723554,3.2665799,5.5689325,2.945612,2.3485181,0.13877659,,,0.23210046,5.0032196,2.9313452,0.35396513,-1.3781871,4.8757854,2.874779,1.0401076,4.390854,-5.492545,4.7574053,5.5689325,0.43745208,5.722952,4.3495965,2.1378276,3.1797276,3.9369054,3.960192,4.201435,2.2487147,2.3216112,,,5.4842644,-1.8397683,3.9175663,4.022155,5.5566444,4.636876,5.499489,4.1552987,3.7749412,5.154312,4.024825,1.7704479,4.8195,2.442346,4.686115,1.4702641,5.566539,5.466865,-0.6894979,4.1758776,1.0441577,5.5465345,5.076536,0.007845701,2.6997252,3.0051148,3.4562454,0.30222014,2.7008588,-4.194179,-3.1384356,4.6480565,3.0514586,3.6597776,3.1592972,-0.6399984,5.5209737,5.7336817,1.0532453,2.7506113,5.389329,2.3120146,2.837726,5.039264,5.5155067,3.1794424,-1.0007117,2.2769892,5.414351,5.5689325,,
KCL-22,4.725804,2.1691298,3.798148,2.3740218,2.3343246,3.5046842,3.4146578,-0.5848875,-2.8662653,2.2862408,2.195797,-1.1212679,-3.702126,4.728047,4.6761174,4.1750393,0.93863475,2.9094005,2.252509,2.3542864,-3.3755655,3.2644863,-2.823068,-0.64116657,,2.5446868,2.0938375,0.9894371,3.4130797,-5.175426,0.9149199,-1.5015457,0.34817132,5.531208,4.729204,2.5471814,2.8721187,-5.3685017,0.7548732,-0.6030436,,3.6096847,1.8571212,-0.21343905,2.902583,-3.4660249,2.9348226,3.534498,3.1401002,2.653533,1.3672062,2.6324995,4.369237,2.6899035,0.9286397,2.1404827,-3.023604,-6.098558,3.201199,2.8835719,4.8311005,4.1023407,,,,0.5723733,0.88488865,2.8176577,3.7242327,1.1093113,2.7929657,1.8920012,3.190153,3.0645947,1.6795131,2.1494317,-0.5652805,-3.4422524,0.607486,1.8917454,4.688498,4.764283,-1.5210447,,,,,-0.5408305,-3.8086495,2.511824,0.35745502,3.1708758,1.4980066,2.3152242,2.3016932,3.3864467,3.5982344,1.2424749,-0.59537065,4.167369,0.7038884,0.23494391,-1.2391188,,,0.26167244,4.8366895,1.27806,2.2052927,-3.202196,3.8736532,2.4411337,2.2620215,2.460546,-5.6104155,4.452817,2.7841814,-1.2177888,3.8867984,3.1044269,1.562326,1.9634451,3.6286483,4.179234,-3.914426,1.2790345,,,,4.7135916,-1.9375044,4.0850935,3.504732,4.8342915,4.1582785,3.778804,4.5644927,3.3048067,4.284323,3.602837,-4.419683,1.9866487,1.9137787,1.3587455,-2.0360613,4.6078634,3.703641,-1.5733333,1.8104273,0.051957272,3.556975,4.8992157,3.7923212,2.258069,1.9264232,1.5289271,-0.63604695,-7.0218096,-4.1749463,-3.2196162,2.2026222,-4.3275037,3.1544647,3.0967793,-1.8583574,4.8366895,4.430789,1.2083812,1.409066,3.4838622,0.9129246,3.7296977,2.9955647,3.4633632,2.3034682,0.32738608,1.8983244,4.3714633,3.5239124,,
SK-OV-3,6.460949,2.8944519,5.407327,3.349745,6.3057194,6.8399005,4.951054,2.5933557,-1.0730394,6.836899,3.011232,2.1228511,-1.0866958,6.926247,6.2761574,6.5791655,3.0019524,5.7719436,6.636174,2.5885928,-0.6551963,5.782655,3.6321568,6.7655735,,2.281069,0.53954095,3.881746,3.5051394,-1.1568172,4.3771167,0.051865317,6.0056386,8.070876,4.1379824,3.6679645,4.9041224,-1.6045676,2.3795223,1.0647329,,6.310994,4.276526,2.0589275,4.3656893,-4.616447,4.5943656,6.687875,4.6068068,4.7619357,6.5319004,5.620104,2.2314053,0.63703305,4.7221017,2.9970057,-1.4227107,-2.2287998,2.9726307,4.933737,6.7269497,6.9748015,-4.186361,,,4.790339,0.47853306,5.7420993,6.4214664,1.128,4.972417,6.1917963,7.4352612,6.9619837,5.210852,2.6045175,0.6711767,1.5492119,3.768287,4.9514985,6.9988475,6.8065248,0.051417135,,,,,3.109407,-0.27205336,5.4492188,4.366012,2.9680617,2.0803242,4.7142286,6.0383735,6.557844,6.9918766,5.9044065,3.3113565,7.0422554,5.64128,3.5692098,0.29341117,,,3.3333032,6.3528905,4.438879,4.741378,-1.3661819,6.334906,5.2223883,3.8402407,4.714976,-3.7126813,6.2583222,5.3198504,4.72164,4.5768323,6.0831404,6.208457,4.451362,7.336372,5.6515107,5.993784,1.5033417,3.8601604,,,6.960558,-0.94057643,3.4013407,2.980292,6.462144,6.627125,7.139981,5.5271697,4.8006845,6.2914224,3.039575,-4.5436077,3.8259218,4.39405,4.1570582,3.2074323,6.9106727,6.703806,0.8854885,7.5007687,1.6680018,5.9098787,6.994114,4.5336375,5.6243143,2.550246,5.594613,2.4771438,0.71399516,-2.613822,0.41631564,2.9621062,-0.17763399,5.2620273,6.357251,0.043910027,6.750889,7.0375705,4.2719836,4.0082026,4.807315,3.6082819,6.127299,5.7490177,6.7219067,4.549904,4.639899,5.41253,7.1197543,6.302927,,
LS-1034,3.9961746,2.1531765,4.628338,2.7239614,2.0205593,5.6761603,2.9621027,1.5797818,-1.8999617,6.392228,5.125561,-2.2979395,-0.63589865,5.5924706,5.4225283,5.605794,5.515874,3.954538,5.48163,4.658653,-1.2340498,4.715356,3.876403,4.8851542,,3.1072495,1.209248,2.982213,4.631128,-2.2466571,3.131362,2.211546,2.134278,7.2681284,5.1680408,3.2846076,5.693978,-0.25342956,2.1131115,3.17704,,4.9241467,1.7530935,1.3605974,1.550345,-0.9443479,4.023745,4.5578837,4.099053,5.6710534,4.700253,4.721015,5.789045,2.2658408,2.958707,1.6893431,-1.2809628,-0.09950463,3.4497914,3.6307642,6.0090737,5.68917,-3.1677449,,,2.5117085,2.169972,4.2353945,5.7000947,1.7308826,3.6943893,3.6738837,4.614887,4.799932,4.2751875,3.3880389,0.60189533,0.7195635,3.914738,6.3094597,5.2195196,5.3344474,1.7179329,,,,1.3659648,1.0611514,-0.6769636,3.7521026,5.6768265,4.7087073,3.839887,5.630307,2.5796773,5.4316845,5.057026,2.5018964,4.5867424,5.3950205,1.5646782,1.1466187,2.019396,,,1.9074441,5.096742,4.027851,3.1275756,1.7343204,4.6978073,2.7642736,2.060864,4.4451118,-2.8645587,5.7693906,3.713771,3.9247396,5.9282703,5.2202177,4.851482,5.6193547,6.268908,4.3763256,3.885041,2.6394646,0.51261514,,,5.676225,-0.31481737,5.455269,4.4337997,5.6107793,5.633058,4.97828,4.42296,3.4462764,5.5752068,2.9369495,1.41808,5.535055,2.3628008,4.5974417,3.0542228,5.2302823,4.621113,0.46900737,6.167158,2.5642288,4.9035997,5.9928217,3.4134262,3.973885,3.118719,3.3159566,-1.0932637,3.8591642,-0.16415203,1.5847782,5.507792,4.0237274,5.6245203,2.868337,3.2393878,4.7367334,6.0100265,1.5749911,3.3615751,5.7169814,5.164636,5.5084777,5.5728226,5.5132165,4.4322224,4.3298717,1.0232748,5.5319805,5.26176,,
RT4,3.2590559,3.9002802,4.2825375,2.6834743,4.2630982,4.550138,4.945031,0.68197936,-4.3660603,5.8779206,3.9850433,-1.0162197,1.6419238,5.016867,5.52703,4.2856936,3.4197497,3.244523,3.8475566,4.519454,-1.807783,3.4742143,3.9490001,1.5394753,,4.8785577,2.7887614,3.2467835,3.752377,-3.4512756,1.9985157,-1.0183814,2.9681773,6.7636104,5.234383,1.910524,4.470708,-1.3534367,2.8986223,-0.54282767,,3.1391835,1.7183934,2.603254,5.5202003,-1.9623861,5.4323363,5.0187798,4.195789,5.1124816,3.8053422,4.2210684,3.8558247,3.2486951,3.1574545,2.2113798,-2.9628751,-4.026874,2.2997868,1.9072579,5.1580176,5.517189,,,,2.5576434,2.1281345,4.1482725,5.2675853,1.8852128,2.7310107,2.0419543,3.627037,3.869956,4.798854,2.1472447,0.92136824,-4.388498,3.619013,1.0950134,5.0822034,5.201392,1.32333,,,,,0.88477725,-3.1185727,4.174026,2.3465488,4.5352793,2.6208847,4.2485065,3.21382,5.3406124,4.706622,5.649635,3.2189279,4.5580287,1.5074869,1.8473395,1.2073938,,,0.025154833,4.9756207,4.674143,1.21746,-2.5635014,3.82268,3.0507598,2.0433228,4.322681,-4.2541075,4.456755,4.9011927,0.8565381,4.79581,2.715603,3.430931,4.595291,4.019871,3.1361527,3.0060296,2.2564387,,,,4.987095,-1.3518502,5.530843,5.5584383,5.549324,5.462466,2.497366,4.206245,3.6441529,5.2995243,3.2447755,5.35491,4.1990824,1.9157506,2.8514988,2.216674,4.2480016,5.5564413,-2.2203996,3.6297965,3.6059496,3.7509806,5.8807364,1.2366737,3.874951,4.158451,3.5583506,1.6142893,1.983986,-3.447447,-0.23478697,2.6917324,-4.2396584,5.263551,4.8314385,-0.5993985,4.810774,5.7998686,1.2887422,3.2239447,4.652381,4.593753,5.527053,4.0755477,5.1010866,3.8765619,0.5782217,1.6540632,5.9400105,5.5584383,,
SU-DHL-1,4.98576,2.7988684,4.4862247,2.2174914,2.64418,2.6795895,4.5345674,-1.9747537,-1.7629997,1.5411819,-3.1580482,-1.0931941,-3.844897,4.98576,4.8792686,4.208245,0.87644327,1.751931,3.499753,1.9712753,2.482588,4.527744,2.3329344,2.3191195,2.3851676,1.7719495,,2.5968077,2.780401,-6.0471387,3.3041544,,-1.1368253,6.0843725,4.3834934,2.4523716,4.774392,-5.875129,0.49658996,1.4097587,3.713485,4.2847896,2.9560275,-0.20682023,,-5.5435004,,3.666483,0.99334157,4.98576,1.6675221,,4.2432156,2.5404599,2.1816084,1.719951,-4.215837,,3.2527912,3.3167217,4.622955,4.98576,-2.5283785,-4.1356363,0.896369,2.8162138,1.0596964,3.279608,4.487746,1.3712461,3.419618,1.7458379,1.0593004,3.6209366,2.3560443,,-0.62929904,-5.4462986,-0.043728884,,4.2831154,,-0.82060015,2.957186,1.990028,3.2932847,3.4883327,,-3.9101384,2.3956845,-0.9734765,2.8983135,-1.3414893,1.6143651,3.5130937,4.9604845,1.3060575,2.7335348,0.7681266,,3.551498,-1.8415865,-1.0294336,3.0756721,0.9328933,-1.3010887,4.025869,1.3706962,,-1.1402187,3.938272,2.6065156,0.87979835,4.207547,-5.557236,4.8578434,4.814377,-1.4447577,3.8145401,3.4330816,0.5699408,4.570384,0.078157246,3.502569,,1.5353266,,4.4475117,4.334156,,-2.333115,-0.40453896,4.4776077,4.6047077,4.98576,4.98576,4.5048633,4.8412824,4.98576,2.2952921,0.5667048,1.9419738,2.598952,,,4.712041,1.9680631,-1.2398895,2.5091965,0.33129862,2.8914626,3.3539393,4.98576,1.0609907,1.739082,1.9736481,0.53410965,,-6.922022,-3.6069424,-0.2729768,-5.8711076,3.7386742,3.6733642,-3.6032424,2.5503216,,-1.8095948,2.2143326,3.750383,-1.1229261,4.9442067,2.92572,4.430484,0.0953633,1.9438825,0.87920964,2.750448,4.0232563,3.1848977,2.5093608
DMS-114,4.6136045,2.3228314,4.4025736,3.22072,2.073106,5.6850815,4.2002034,1.371679,-3.5491521,5.299032,3.3378701,2.6715915,-2.1224434,5.7837424,5.039746,4.843277,2.4000003,3.5675986,3.5881112,3.4500518,0.20195149,3.7125072,3.7986069,3.3013353,,2.1289446,1.806354,3.1918216,2.6319919,-3.398556,2.3745975,-0.100746065,2.4489932,6.218722,5.5734944,0.7396653,5.715562,-2.8501236,1.58655,1.2425789,,3.3090882,1.0977507,-0.4466546,1.2790184,-5.4595757,2.8269708,4.849018,7.3201694,4.49508,3.3478036,4.9039555,5.4439983,2.5654955,3.3809836,2.5655444,-1.096392,-4.2560525,3.7704687,4.11433,5.717602,5.591186,-6.6333685,,,3.1568725,0.5777618,3.9190898,4.858682,0.5491135,2.7495959,3.2002828,5.4145136,4.042622,4.2421784,3.7606435,1.986966,0.9022822,1.5457996,1.4901298,4.208665,5.788622,1.6209897,,,,,-0.13438767,-2.5336487,3.5122004,1.5376271,4.2880507,2.993189,4.7788725,3.4780936,5.4556046,5.7072735,5.571187,2.2469356,4.8104305,2.453538,3.8652687,1.8845558,,,-0.76727337,4.3347564,4.288771,2.9039156,-1.5094379,4.6330605,5.579454,1.9278048,3.834648,-4.721334,5.2973633,5.105251,-0.19270945,5.588838,3.5381765,4.2757936,3.8771358,4.5949097,3.6750052,4.0798106,2.1810622,-0.523971,,,5.595614,-1.354332,4.1009684,3.406751,3.9228046,4.645978,4.6051435,5.741655,3.3448582,5.1970286,5.2118616,2.0863528,4.1544156,1.9038018,3.474129,2.964847,4.7174573,5.776078,2.0075042,4.35846,2.57858,3.744603,5.7718997,2.5640304,5.788622,3.5066004,4.6926556,3.5345647,3.9528658,-2.7075415,-2.0583704,4.0896015,-3.758836,5.707771,3.7592885,-0.8614158,5.788622,5.9667535,5.4858427,3.357931,5.0934014,4.4526734,5.6512556,5.178011,5.667811,5.0571375,1.507247,3.2759624,5.771489,4.8718333,,
